Office,Precinct,Early Ballots Cast,Election Ballots Cast,Total Ballots Cast,Registered Voters,Percent Turnout,REP John Cornyn,DEM David M. Alameel,LIB Rebecca Paddock,"GRN Emily ""Spicybrown"" Sanchez",Mohammed Tahiro,Totals
United States Senator,0001,417,466,883,2358,37.45%,295,504,32,25,0,856
United States Senator,0002,334,313,647,1961,32.99%,284,309,22,15,0,530
United States Senator,0003,326,405,731,1560,46.86%,281,391,28,13,0,713
United States Senator,0004,371,487,858,1668,51.44%,311,473,32,16,0,832
United States Senator,0005,280,448,728,1417,51.38%,272,400,27,16,0,715
United States Senator,0006,656,456,1112,3702,30.04%,637,394,30,23,0,1084
United States Senator,0007,209,110,319,1017,31.37%,13,293,1,2,0,309
United States Senator,0008,394,310,704,1744,40.37%,354,298,22,14,0,688
United States Senator,0009,206,223,429,1874,22.89%,121,258,12,18,0,409
United States Senator,0010,255,171,426,1753,24.30%,126,245,12,19,0,402
United States Senator,0011,184,176,360,1785,20.17%,79,240,9,11,0,339
United States Senator,0012,86,66,152,735,20.68%,88,53,2,1,0,144
United States Senator,0013,548,361,909,2689,33.80%,659,194,25,7,1,886
United States Senator,0014,442,495,937,1870,50.11%,510,370,19,12,0,911
United States Senator,0015,599,898,1497,2878,52.02%,901,519,24,11,0,1455
United States Senator,0016,243,137,380,1071,35.48%,179,169,18,4,0,370
United States Senator,0017,185,215,400,1162,34.42%,184,182,9,6,0,381
United States Senator,0018,371,351,722,1443,50.03%,344,328,19,10,0,701
United States Senator,0019,172,207,379,1170,32.39%,127,231,10,2,0,370
United States Senator,0020,313,287,600,2646,22.68%,173,386,18,12,0,589
United States Senator,0021,179,184,363,1122,32.35%,72,259,16,7,0,354
United States Senator,0022,397,322,719,2473,29.07%,138,543,11,13,0,705
United States Senator,0023,31,22,53,541,9.80%,10,41,0,1,0,52
United States Senator,0024,107,88,195,655,29.77%,15,158,8,4,0,185
United States Senator,0025,105,143,248,1086,22.84%,14,214,4,6,0,238
United States Senator,0027,463,427,890,3074,28.95%,227,578,21,44,0,870
United States Senator,0028,537,405,1042,3029,34.40%,691,307,15,6,1,1020
United States Senator,0029,194,237,431,2638,16.34%,175,218,9,13,0,415
United States Senator,0030,369,391,760,2403,31.63%,209,498,19,20,0,746
United States Senator,0032,320,405,725,2398,30.23%,291,383,32,7,0,713
United States Senator,0033,710,615,1325,3706,35.75%,428,785,51,37,0,1301
Office,Precinct,Early Ballots Cast,Election Ballots Cast,Total Ballots Cast,Registered Voters,Percent Turnout,REP John Cornyn,DEM David M. Alameel,LIB Rebecca Paddock,"GRN Emily ""Spicybrown"" Sanchez",Mohammed Tahiro,Totals
United States Senator,0034,628,579,1207,2786,43.32%,276,838,36,32,0,1182
United States Senator,0035,4,0,4,11,36.36%,1,3,0,0,0,4
United States Senator,0036,416,318,734,2927,25.08%,217,465,13,14,0,709
United States Senator,0037,547,436,983,2106,46.68%,295,622,23,17,0,957
United States Senator,0038,786,589,1375,2875,47.83%,468,801,46,34,0,1349
United States Senator,0039,659,575,1234,2759,44.73%,310,823,39,37,0,1209
United States Senator,0040,136,152,288,541,53.23%,150,115,7,6,0,278
United States Senator,0041,176,230,406,1334,30.43%,168,217,11,3,0,399
United States Senator,0042,228,109,337,1071,31.47%,8,308,4,0,0,320
United States Senator,0043,294,210,504,1695,29.73%,268,186,16,15,0,485
United States Senator,0044,205,222,427,2001,21.34%,97,270,15,17,0,399
United States Senator,0045,894,750,1644,6698,24.54%,343,1209,22,23,1,1598
United States Senator,0046,290,247,537,2511,21.39%,107,378,14,21,0,520
United States Senator,0047,213,218,431,1627,26.49%,20,379,5,7,0,411
United States Senator,0048,158,142,300,940,31.91%,34,249,2,4,0,289
United States Senator,0049,584,482,1066,3343,31.89%,764,231,34,8,0,1037
United States Senator,0050,785,771,1556,5211,29.86%,845,609,52,15,0,1521
United States Senator,0051,353,243,596,1689,35.29%,435,119,15,2,0,571
United States Senator,0052,422,447,869,2457,35.37%,428,390,27,9,0,854
United States Senator,0053,554,725,1290,2971,43.42%,535,638,48,40,0,1251
United States Senator,0054,270,364,634,1487,42.64%,319,267,25,12,0,623
United States Senator,0055,191,251,442,1506,29.35%,192,214,15,8,0,429
United States Senator,0056,283,278,561,1326,42.31%,367,153,15,4,0,539
United States Senator,0057,711,831,1542,3153,48.91%,626,814,38,31,0,1509
United States Senator,0058,470,556,1026,2690,38.14%,432,516,47,15,0,1010
United States Senator,0059,555,609,1164,2544,45.75%,445,617,54,21,0,1137
United States Senator,0060,500,564,1064,2453,43.38%,271,708,27,32,0,1038
United States Senator,0061,172,204,376,1773,21.21%,153,171,10,17,0,351
United States Senator,0062,145,322,467,2181,21.41%,125,284,4,28,0,441
United States Senator,0063,264,354,618,1826,33.84%,489,87,21,5,0,602
United States Senator,0064,191,221,412,2141,19.24%,92,272,7,19,0,390
United States Senator,0065,172,230,402,2167,18.55%,107,245,10,22,1,385
United States Senator,0066,69,143,212,1098,19.31%,35,148,3,11,0,197
Office,Precinct,Early Ballots Cast,Election Ballots Cast,Total Ballots Cast,Registered Voters,Percent Turnout,REP John Cornyn,DEM David M. Alameel,LIB Rebecca Paddock,"GRN Emily ""Spicybrown"" Sanchez",Mohammed Tahiro,Totals
United States Senator,0067,304,282,586,2794,20.97%,173,351,18,19,0,561
United States Senator,0068,553,352,905,2924,30.95%,26,832,8,9,0,875
United States Senator,0069,80,124,204,1284,15.89%,47,133,5,6,0,191
United States Senator,0070,882,664,1546,3337,46.33%,955,509,32,21,0,1517
United States Senator,0071,602,722,1324,4197,31.55%,629,591,61,24,0,1305
United States Senator,0072,220,293,513,1924,26.66%,174,287,13,19,0,493
United States Senator,0073,252,414,666,1555,42.83%,382,241,18,12,0,653
United States Senator,0074,1153,782,1935,3583,54.01%,1536,314,33,8,0,1891
United States Senator,0075,254,280,534,1444,36.98%,209,275,27,9,0,520
United States Senator,0076,373,374,747,2362,31.63%,443,253,14,15,0,725
United States Senator,0077,43,46,89,566,15.72%,18,67,2,1,0,88
United States Senator,0078,181,201,382,1522,25.10%,145,203,9,11,0,368
United States Senator,0079,205,306,511,2927,17.46%,134,313,9,25,0,481
United States Senator,0080,501,351,852,2725,31.27%,220,567,9,8,0,804
United States Senator,0081,183,187,370,1835,20.16%,149,181,9,13,0,352
United States Senator,0082,639,671,1310,3368,38.90%,965,264,38,15,0,1282
United States Senator,0083,1300,888,2188,6625,33.03%,1088,991,40,17,0,2136
United States Senator,0084,208,218,426,1373,31.03%,306,89,8,5,0,408
United States Senator,0085,271,248,519,2173,23.88%,26,465,8,8,0,507
United States Senator,0086,449,568,1017,2910,34.95%,464,484,40,12,0,1000
United States Senator,0087,676,787,1463,2818,51.92%,949,439,32,10,0,1430
United States Senator,0088,123,118,241,693,34.78%,157,63,8,4,0,232
United States Senator,0089,165,371,536,1094,48.99%,311,200,10,4,0,525
United States Senator,0090,845,790,1635,3700,44.19%,1200,332,45,19,0,1596
United States Senator,0091,221,222,443,1505,29.44%,261,144,15,8,0,428
United States Senator,0092,695,462,1157,2242,51.61%,770,312,32,14,0,1128
United States Senator,0093,381,301,682,3356,20.32%,283,334,19,13,0,649
United States Senator,0094,51,43,94,549,17.12%,26,61,2,2,0,91
United States Senator,0095,917,576,1493,3177,46.99%,1107,316,32,9,0,1464
United States Senator,0097,1024,725,1749,4828,36.23%,1291,349,43,10,0,1693
United States Senator,0098,403,488,891,2651,33.61%,725,104,24,9,0,862
United States Senator,0099,254,184,438,2092,20.94%,209,196,9,10,0,424
Office,Precinct,Early Ballots Cast,Election Ballots Cast,Total Ballots Cast,Registered Voters,Percent Turnout,REP John Cornyn,DEM David M. Alameel,LIB Rebecca Paddock,"GRN Emily ""Spicybrown"" Sanchez",Mohammed Tahiro,Totals
United States Senator,0100,165,173,338,1730,19.54%,185,133,5,4,0,327
United States Senator,0101,72,58,130,946,13.74%,48,73,4,1,0,125
United States Senator,0102,207,121,328,1872,17.52%,92,207,4,7,0,310
United States Senator,0103,701,714,1415,5371,26.35%,794,533,37,13,0,1377
United States Senator,0104,530,231,761,1905,39.95%,19,704,6,6,0,735
United States Senator,0105,196,210,406,2165,18.75%,140,219,16,8,0,383
United States Senator,0106,18,7,25,294,8.50%,12,10,0,1,0,23
United States Senator,0107,154,197,351,2032,17.27%,60,269,4,7,0,340
United States Senator,0108,668,272,940,3365,27.93%,568,303,22,9,0,902
United States Senator,0109,530,245,775,2824,27.44%,25,709,8,1,0,743
United States Senator,0110,654,494,1148,3042,37.74%,742,340,28,10,0,1120
United States Senator,0111,816,795,1611,4102,39.27%,1188,332,49,7,0,1576
United States Senator,0112,542,485,1027,2976,34.51%,749,210,39,6,0,1004
United States Senator,0113,562,429,991,2647,37.44%,619,313,23,11,0,955
United States Senator,0114,707,547,1254,3311,37.87%,1008,186,30,5,0,1229
United States Senator,0115,238,150,388,1800,21.56%,55,308,7,5,0,375
United States Senator,0116,982,776,1758,3147,55.86%,1364,297,52,7,0,1720
United States Senator,0117,216,226,442,1880,23.51%,216,185,18,12,0,431
United States Senator,0118,304,123,427,759,56.26%,354,51,13,0,0,418
United States Senator,0119,1291,1024,2315,5500,42.09%,1867,322,61,12,0,2252
United States Senator,0120,713,422,1135,3191,35.57%,741,321,31,11,0,1104
United States Senator,0121,92,178,270,848,31.84%,190,63,4,4,0,251
United States Senator,0122,352,225,577,1890,30.53%,27,515,5,10,0,557
United States Senator,0123,285,288,573,1392,41.16%,146,384,15,19,0,564
United States Senator,0124,1734,1292,3026,7254,41.71%,2385,481,78,20,0,2954
United States Senator,0125,415,332,747,2405,31.06%,455,239,21,13,0,728
United States Senator,0126,893,467,1360,3100,43.87%,1182,111,27,5,0,1325
United States Senator,0127,435,154,589,1836,32.08%,424,127,18,3,0,572
United States Senator,0128,445,707,1152,2290,50.31%,744,347,24,11,0,1126
United States Senator,0129,1033,1200,2233,5746,38.86%,1436,664,62,24,0,2186
United States Senator,0130,727,523,1250,2333,53.58%,940,255,15,5,0,1215
United States Senator,0131,251,259,510,1935,26.36%,128,343,9,5,0,485
United States Senator,0132,593,323,916,2387,38.37%,27,852,6,4,0,889
Office,Precinct,Early Ballots Cast,Election Ballots Cast,Total Ballots Cast,Registered Voters,Percent Turnout,REP John Cornyn,DEM David M. Alameel,LIB Rebecca Paddock,"GRN Emily ""Spicybrown"" Sanchez",Mohammed Tahiro,Totals
United States Senator,0133,514,858,1372,2662,51.54%,821,459,37,17,0,1334
United States Senator,0134,192,265,457,1437,31.80%,212,212,13,8,0,445
United States Senator,0135,732,579,1311,2671,49.08%,935,313,23,6,0,1277
United States Senator,0136,503,371,874,2013,43.42%,49,786,9,12,0,856
United States Senator,0137,166,141,307,716,42.88%,156,129,11,2,0,298
United States Senator,0138,296,199,495,1699,29.13%,18,453,8,5,0,484
United States Senator,0139,701,551,1252,3037,41.22%,583,597,29,18,0,1227
United States Senator,0140,701,480,1181,3214,36.75%,143,956,23,21,0,1143
United States Senator,0141,80,80,160,855,18.71%,92,53,2,0,0,147
United States Senator,0142,87,103,190,902,21.06%,68,108,1,4,0,181
United States Senator,0143,1962,580,2542,6386,39.81%,1837,599,51,2,0,2489
United States Senator,0144,216,158,374,1093,34.22%,11,345,5,1,0,362
United States Senator,0145,264,213,477,1538,31.01%,16,438,0,1,0,455
United States Senator,0146,426,519,945,2008,47.06%,428,445,25,22,0,920
United States Senator,0147,690,329,1019,3008,33.88%,144,820,13,7,0,984
United States Senator,0148,501,780,1281,2540,50.43%,531,680,32,19,0,1262
United States Senator,0149,1622,737,2359,7993,29.51%,1215,981,82,28,0,2306
United States Senator,0150,236,169,405,1256,32.25%,17,368,1,5,0,391
United States Senator,0151,137,79,216,826,26.15%,14,189,1,0,0,204
United States Senator,0152,214,299,513,2788,18.40%,146,312,11,19,0,488
United States Senator,0153,125,206,331,1808,18.31%,111,182,10,9,0,312
United States Senator,0154,249,183,432,2190,19.73%,121,269,14,14,0,418
United States Senator,0155,1023,619,1642,4109,39.96%,1148,404,32,10,0,1594
United States Senator,0156,802,326,1128,3071,36.73%,47,1010,16,13,0,1086
United States Senator,0157,448,214,662,2236,29.61%,27,593,10,6,0,636
United States Senator,0158,600,315,915,3035,30.15%,28,851,6,7,0,892
United States Senator,0159,116,127,243,998,24.35%,36,190,9,2,0,237
United States Senator,0160,122,73,195,696,28.02%,8,185,0,0,0,193
United States Senator,0161,163,141,304,991,30.68%,4,283,3,0,0,290
United States Senator,0162,101,83,184,1265,14.55%,73,92,4,3,0,172
United States Senator,0163,230,320,550,3037,18.11%,247,266,5,9,0,527
United States Senator,0164,182,205,387,1420,27.25%,15,352,3,1,0,371
United States Senator,0165,535,483,1018,2334,43.62%,676,271,34,14,0,995
Office,Precinct,Early Ballots Cast,Election Ballots Cast,Total Ballots Cast,Registered Voters,Percent Turnout,REP John Cornyn,DEM David M. Alameel,LIB Rebecca Paddock,"GRN Emily ""Spicybrown"" Sanchez",Mohammed Tahiro,Totals
United States Senator,0166,158,233,391,1028,38.04%,109,230,23,16,0,378
United States Senator,0167,3,0,3,24,12.50%,0,3,0,0,0,3
United States Senator,0168,92,58,150,503,29.82%,3,136,2,3,0,144
United States Senator,0169,515,251,767,2513,30.52%,19,702,9,9,0,739
United States Senator,0170,271,141,412,1869,22.04%,217,163,8,14,0,402
United States Senator,0171,202,198,400,1604,24.94%,19,359,5,4,0,387
United States Senator,0172,86,80,166,621,26.73%,70,79,2,9,0,150
United States Senator,0173,819,739,1558,3599,43.29%,1236,233,45,5,0,1519
United States Senator,0174,830,733,1553,3296,47.42%,1114,373,30,16,0,1533
United States Senator,0175,552,749,1311,2618,50.08%,692,546,27,22,0,1287
United States Senator,0176,346,451,797,1602,49.75%,448,294,14,7,0,753
United States Senator,0177,278,326,604,1496,40.37%,353,222,10,6,0,591
United States Senator,0178,504,365,869,1765,49.24%,625,208,22,3,0,858
United States Senator,0179,256,188,444,1575,28.19%,241,159,20,11,0,431
United States Senator,0180,470,343,813,2834,28.69%,34,718,7,10,0,759
United States Senator,0181,175,262,437,2061,21.20%,145,257,5,12,0,419
United States Senator,0182,592,974,1566,3405,45.99%,993,480,34,13,0,1520
United States Senator,0183,520,794,1314,2491,52.75%,909,350,19,12,0,1290
United States Senator,0184,106,135,241,994,24.25%,88,120,7,5,0,220
United States Senator,0185,283,292,575,1933,29.75%,222,308,10,8,0,548
United States Senator,0186,97,106,203,798,25.44%,36,157,4,1,0,198
United States Senator,0187,21,25,46,311,14.79%,15,29,0,2,0,46
United States Senator,0188,153,146,299,1637,18.27%,142,130,7,8,0,287
United States Senator,0189,241,360,601,1465,41.02%,309,236,32,9,0,585
United States Senator,0190,120,177,297,1723,17.24%,122,139,9,11,0,281
United States Senator,0191,79,126,205,1366,15.01%,94,96,6,4,0,200
United States Senator,0192,381,225,606,1959,30.93%,38,527,6,5,0,575
United States Senator,0193,173,187,360,1074,33.52%,14,315,3,8,0,340
United States Senator,0194,352,431,783,1912,40.95%,242,477,25,22,0,766
United States Senator,0195,269,278,547,1694,32.29%,25,487,8,6,0,525
United States Senator,0196,52,32,84,316,26.58%,4,72,4,3,0,83
United States Senator,0197,544,309,853,2914,29.27%,21,797,7,4,0,829
United States Senator,0198,53,74,127,642,19.78%,5,118,1,1,0,125
Office,Precinct,Early Ballots Cast,Election Ballots Cast,Total Ballots Cast,Registered Voters,Percent Turnout,REP John Cornyn,DEM David M. Alameel,LIB Rebecca Paddock,"GRN Emily ""Spicybrown"" Sanchez",Mohammed Tahiro,Totals
United States Senator,0199,812,661,1473,3216,45.80%,1144,228,52,14,0,1435
United States Senator,0200,964,536,1500,3382,44.35%,716,699,37,12,0,1454
United States Senator,0201,95,87,185,724,25.55%,7,168,2,1,0,175
United States Senator,0202,217,189,406,1464,27.73%,21,358,7,6,0,392
United States Senator,0203,107,68,175,960,18.23%,48,108,5,6,0,157
United States Senator,0204,818,784,1602,3487,45.94%,913,569,52,25,0,1559
United States Senator,0205,465,171,636,1664,38.22%,18,587,6,2,0,513
United States Senator,0206,364,462,826,2779,29.72%,244,496,30,39,0,509
United States Senator,0207,255,261,526,1188,44.28%,178,308,8,19,0,513
United States Senator,0208,322,262,584,2195,26.61%,178,363,13,5,0,559
United States Senator,0209,0,2,2,0,0.00%,2,0,0,0,0,2
United States Senator,0210,502,467,969,2533,38.26%,110,802,18,15,1,945
United States Senator,0211,308,386,694,2914,23.82%,278,348,16,26,0,555
United States Senator,0212,95,155,251,1300,19.31%,58,169,3,11,0,241
United States Senator,0213,525,913,1739,3350,51.91%,1435,227,34,7,0,1703
United States Senator,0214,404,491,895,1854,48.27%,576,266,31,10,0,883
United States Senator,0215,423,711,1134,2258,50.22%,690,370,30,13,0,1103
United States Senator,0216,362,223,585,1945,30.08%,46,505,9,7,0,557
United States Senator,0217,844,631,1475,2678,55.08%,1010,387,30,15,0,1442
United States Senator,0218,392,402,794,2292,34.64%,267,441,18,31,1,755
United States Senator,0219,497,436,933,2767,33.72%,71,804,10,9,0,594
United States Senator,0220,325,187,512,2310,22.16%,360,113,11,4,0,455
United States Senator,0221,332,369,701,2529,27.72%,311,323,14,21,0,669
United States Senator,0222,626,674,1300,2501,51.98%,627,601,19,11,0,1258
United States Senator,0223,563,377,940,3582,26.24%,273,609,26,13,0,921
United States Senator,0224,531,456,987,2238,44.10%,478,456,23,9,0,955
United States Senator,0225,376,405,781,3305,23.63%,389,336,29,8,0,752
United States Senator,0226,227,307,534,2436,21.92%,136,350,15,14,0,515
United States Senator,0227,558,423,981,1785,54.96%,772,170,13,4,0,959
United States Senator,0228,362,195,557,1050,53.05%,28,491,10,6,0,535
United States Senator,0229,31,96,127,815,15.58%,56,55,1,5,0,117
United States Senator,0230,185,116,301,1089,27.64%,11,268,4,6,0,259
United States Senator,0231,233,264,497,2232,22.27%,140,318,8,10,0,475
Office,Precinct,Early Ballots Cast,Election Ballots Cast,Total Ballots Cast,Registered Voters,Percent Turnout,REP John Cornyn,DEM David M. Alameel,LIB Rebecca Paddock,"GRN Emily ""Spicybrown"" Sanchez",Mohammed Tahiro,Totals
United States Senator,0232,363,474,837,1760,47.56%,479,309,15,13,0,816
United States Senator,0233,894,801,1695,4445,38.13%,835,749,53,18,0,1555
United States Senator,0234,1194,913,2107,3993,52.77%,1685,337,19,8,0,2049
United States Senator,0235,240,158,398,1356,29.35%,14,358,5,6,0,383
United States Senator,0236,354,235,589,2079,28.33%,16,539,3,8,0,566
United States Senator,0237,417,253,670,2161,31.00%,17,629,4,5,0,655
United States Senator,0238,340,245,585,1925,30.39%,18,539,7,4,0,568
United States Senator,0239,384,236,620,1964,31.57%,25,560,5,1,0,591
United States Senator,0240,585,243,828,2649,31.26%,33,766,5,1,0,805
United States Senator,0241,222,229,451,2372,19.01%,189,228,7,9,0,433
United States Senator,0242,173,162,335,1596,20.99%,207,108,6,5,0,326
United States Senator,0243,138,43,181,457,39.61%,3,173,2,2,0,180
United States Senator,0244,481,425,906,3117,29.07%,511,331,30,12,0,884
United States Senator,0245,946,799,1745,5828,29.94%,1188,444,50,26,0,1708
United States Senator,0246,684,513,1197,3315,36.11%,853,282,32,6,1,1174
United States Senator,0247,173,254,427,1582,26.99%,24,376,6,5,0,411
United States Senator,0248,161,167,328,2100,15.62%,98,209,9,5,0,321
United States Senator,0249,461,348,809,2719,29.75%,565,200,17,7,1,790
United States Senator,0250,109,164,273,964,28.32%,16,244,5,3,0,268
United States Senator,0251,278,436,714,2089,34.18%,34,638,7,5,0,584
United States Senator,0252,504,312,816,2377,34.33%,17,763,6,2,0,788
United States Senator,0253,379,222,601,2177,27.61%,16,549,8,3,0,576
United States Senator,0254,93,112,205,1550,13.23%,67,119,3,5,0,194
United States Senator,0255,528,648,1176,2482,47.38%,565,548,28,9,0,1150
United States Senator,0256,575,449,1024,3254,31.47%,503,434,26,22,0,985
United States Senator,0257,204,245,449,2523,17.80%,142,269,7,10,0,428
United States Senator,0258,841,800,1541,3322,49.40%,1239,317,46,8,0,1510
United States Senator,0259,656,382,1038,2361,43.96%,37,944,6,12,0,999
United States Senator,0260,162,145,307,1260,24.37%,189,99,9,3,0,300
United States Senator,0261,124,120,244,1417,17.22%,105,123,3,2,0,233
United States Senator,0262,758,600,1358,4397,30.88%,851,399,52,16,0,1318
United States Senator,0263,858,712,1570,3693,42.51%,1206,293,32,8,0,1539
United States Senator,0264,482,457,939,2963,31.69%,600,263,39,11,0,913
Office,Precinct,Early Ballots Cast,Election Ballots Cast,Total Ballots Cast,Registered Voters,Percent Turnout,REP John Cornyn,DEM David M. Alameel,LIB Rebecca Paddock,"GRN Emily ""Spicybrown"" Sanchez",Mohammed Tahiro,Totals
United States Senator,0265,988,759,1747,3584,48.74%,1372,293,29,10,0,1704
United States Senator,0266,259,257,516,2104,24.52%,264,204,15,5,0,455
United States Senator,0267,146,166,312,1327,23.51%,167,116,9,5,0,297
United States Senator,0268,435,717,1152,2493,46.21%,721,370,19,12,0,1122
United States Senator,0269,702,453,1155,2030,56.90%,951,173,7,4,0,1135
United States Senator,0270,819,672,1491,3605,41.36%,838,533,35,39,0,1445
United States Senator,0271,656,382,1038,2518,41.22%,30,969,4,5,0,1005
United States Senator,0272,265,292,557,2162,25.76%,229,276,26,19,0,550
United States Senator,0273,545,689,1237,2470,50.08%,1022,156,27,4,0,1209
United States Senator,0274,588,346,934,2153,43.38%,667,216,23,8,0,914
United States Senator,0275,207,236,443,1850,23.95%,105,309,8,9,0,431
United States Senator,0276,572,231,803,2536,31.66%,14,751,6,9,0,780
United States Senator,0277,170,186,356,1492,23.86%,177,160,4,5,0,345
United States Senator,0278,421,320,741,2454,30.20%,428,273,8,12,0,721
United States Senator,0279,251,223,474,1941,24.42%,289,149,15,7,0,460
United States Senator,0280,130,188,318,1524,20.87%,141,143,6,13,0,303
United States Senator,0281,657,742,1399,2633,53.13%,746,569,29,20,0,1354
United States Senator,0282,314,455,769,2042,37.66%,492,222,27,9,0,750
United States Senator,0283,0,0,0,0,0.00%,0,0,0,0,0,0
United States Senator,0254,575,335,911,3172,28.72%,426,413,19,18,0,575
United States Senator,0285,445,378,826,2540,32.52%,81,703,8,6,0,795
United States Senator,0286,1255,821,2076,6170,33.65%,202,1743,18,31,0,1994
United States Senator,0287,371,477,848,1621,52.31%,433,361,14,9,0,517
United States Senator,0288,532,313,845,2210,38.24%,25,787,2,4,0,515
United States Senator,0289,187,212,399,1564,25.51%,206,169,7,5,0,357
United States Senator,0290,245,298,543,1642,33.07%,408,104,18,4,0,534
United States Senator,0292,207,147,354,1356,26.11%,43,287,6,3,0,339
United States Senator,0293,357,447,804,1759,45.71%,379,363,25,10,0,777
United States Senator,0294,488,221,709,2097,33.81%,14,663,5,2,0,554
United States Senator,0295,148,103,251,885,28.36%,9,235,0,3,0,247
United States Senator,0296,325,340,668,1713,39.00%,399,208,20,14,0,641
United States Senator,0297,280,249,529,2012,26.29%,239,247,12,11,0,509
Office,Precinct,Early Ballots Cast,Election Ballots Cast,Total Ballots Cast,Registered Voters,Percent Turnout,REP John Cornyn,DEM David M. Alameel,LIB Rebecca Paddock,"GRN Emily ""Spicybrown"" Sanchez",Mohammed Tahiro,Totals
United States Senator,0298,418,358,776,2121,36.59%,454,255,29,9,0,747
United States Senator,0299,179,117,296,1353,21.88%,121,147,10,6,0,254
United States Senator,0300,1389,1015,2405,5406,44.49%,1929,366,58,14,0,2357
United States Senator,0301,210,255,465,2352,19.77%,196,223,9,10,0,435
United States Senator,0302,353,343,696,2720,25.59%,407,237,14,8,0,555
United States Senator,0303,924,784,1708,3245,52.63%,1402,230,24,12,0,1555
United States Senator,0304,606,505,1111,2298,48.35%,646,385,28,10,0,1069
United States Senator,0305,524,432,956,4191,22.81%,400,492,23,15,0,930
United States Senator,0306,550,342,992,1879,52.79%,742,206,20,5,0,973
United States Senator,0307,734,670,1404,3099,45.30%,967,332,41,21,0,1351
United States Senator,0308,199,130,329,1296,25.39%,108,190,10,7,0,315
United States Senator,0309,710,593,1303,2524,51.62%,1077,167,27,9,0,1250
United States Senator,0310,387,279,666,1435,46.41%,466,158,14,9,0,547
United States Senator,0311,487,421,908,2986,30.41%,515,319,14,18,0,555
United States Senator,0312,743,457,1200,3636,33.00%,796,339,29,12,0,1176
United States Senator,0313,9,0,9,62,14.52%,7,2,0,0,0,9
United States Senator,0314,1121,913,2034,5647,36.02%,1261,652,57,14,0,1984
United States Senator,0315,479,388,867,1608,53.92%,535,268,20,14,0,537
United States Senator,0316,415,341,756,1537,49.19%,431,287,14,10,0,742
United States Senator,0317,251,209,460,1588,28.97%,152,283,12,7,0,454
United States Senator,0318,534,568,1402,3660,38.31%,79,1253,7,18,0,1357
United States Senator,0319,513,230,743,2158,34.43%,42,657,8,8,0,715
United States Senator,0320,234,168,402,1537,26.15%,208,170,5,4,0,357
United States Senator,0321,262,191,453,2346,19.31%,178,244,4,15,0,441
United States Senator,0322,182,129,311,1226,25.37%,101,184,9,7,0,301
United States Senator,0323,278,211,489,1722,28.40%,242,208,8,11,0,459
United States Senator,0324,532,646,1178,2336,50.43%,770,335,28,16,0,1149
United States Senator,0325,259,193,482,2112,22.82%,109,332,11,11,0,463
United States Senator,0326,57,74,161,698,23.07%,80,65,5,3,0,153
United States Senator,0327,380,129,509,1729,29.44%,13,474,3,3,0,493
United States Senator,0328,151,140,291,1434,20.29%,126,137,7,5,0,275
United States Senator,0329,191,184,375,1397,26.84%,153,198,6,9,0,355
United States Senator,0330,334,253,557,1936,30.32%,347,200,19,8,0,574
Office,Precinct,Early Ballots Cast,Election Ballots Cast,Total Ballots Cast,Registered Voters,Percent Turnout,REP John Cornyn,DEM David M. Alameel,LIB Rebecca Paddock,"GRN Emily ""Spicybrown"" Sanchez",Mohammed Tahiro,Totals
United States Senator,0331,0,0,0,0,0.00%,0,0,0,0,0,0
United States Senator,0332,18,7,25,138,18.12%,12,9,2,0,0,23
United States Senator,0333,525,714,1239,3021,41.01%,874,268,52,18,0,1212
United States Senator,0334,83,42,125,742,16.85%,23,93,1,2,0,119
United States Senator,0335,121,98,219,1300,16.85%,88,106,8,5,0,207
United States Senator,0336,870,624,1494,4051,36.88%,154,1281,23,9,0,1467
United States Senator,0337,124,103,227,1029,22.06%,42,164,5,3,0,214
United States Senator,0338,731,391,1122,4934,22.74%,402,613,23,18,0,1055
United States Senator,0339,202,222,424,1757,24.13%,96,276,10,20,0,402
United States Senator,0340,1038,594,1632,3765,43.35%,1225,289,53,23,0,1590
United States Senator,0341,91,167,258,1290,20.00%,82,153,3,13,0,251
United States Senator,0342,675,605,1280,6526,19.61%,223,977,20,24,0,1244
United States Senator,0343,190,271,461,1964,23.47%,139,277,6,18,0,440
United States Senator,0344,154,172,326,1160,28.10%,18,286,6,3,0,313
United States Senator,0345,156,165,321,1804,17.79%,95,203,9,8,0,315
United States Senator,0346,0,1,1,3,33.33%,1,0,0,0,0,1
United States Senator,0347,592,436,1028,3387,30.35%,682,280,33,7,0,1002
United States Senator,0348,438,208,646,1708,37.82%,507,111,8,7,0,633
United States Senator,0349,188,267,455,1349,33.73%,278,141,18,6,0,443
United States Senator,0350,526,526,1052,2909,36.16%,455,534,32,12,0,1033
United States Senator,0351,1491,710,2201,4712,46.71%,1733,350,54,12,0,2149
United States Senator,0352,520,339,859,3205,26.80%,620,182,24,5,0,831
United States Senator,0353,665,451,1116,3862,28.90%,217,847,13,10,0,1087
United States Senator,0354,715,338,1053,3388,31.08%,283,719,11,8,0,1021
United States Senator,0355,301,264,565,1560,36.22%,58,483,3,2,0,546
United States Senator,0356,594,538,1132,2972,38.09%,747,317,28,11,0,1103
United States Senator,0357,837,575,1412,3517,40.15%,1019,318,45,5,0,1387
United States Senator,0358,213,254,467,2492,18.74%,51,384,4,7,0,446
United States Senator,0359,235,224,459,3061,15.00%,64,368,5,4,0,441
United States Senator,0360,525,380,905,2146,42.17%,497,351,26,9,0,883
United States Senator,0362,1141,887,2028,5086,39.87%,1511,404,53,12,0,1980
United States Senator,0363,620,412,1032,3677,28.07%,465,504,26,15,0,1010
Office,Precinct,Early Ballots Cast,Election Ballots Cast,Total Ballots Cast,Registered Voters,Percent Turnout,REP John Cornyn,DEM David M. Alameel,LIB Rebecca Paddock,"GRN Emily ""Spicybrown"" Sanchez",Mohammed Tahiro,Totals
United States Senator,0364,489,405,894,2658,33.63%,514,315,30,11,0,870
United States Senator,0365,478,231,709,1305,54.33%,56,612,13,5,0,686
United States Senator,0366,252,270,522,2454,21.27%,139,350,8,6,0,503
United States Senator,0367,170,138,308,1130,27.26%,67,226,4,6,0,303
United States Senator,0368,178,88,266,958,27.77%,78,177,4,4,0,263
United States Senator,0369,32,29,61,559,10.91%,20,39,0,2,0,e1
United States Senator,0370,1532,1105,2637,6593,40.00%,1978,513,66,14,0,2571
United States Senator,0371,122,52,174,502,34.66%,8,154,5,1,0,158
United States Senator,0372,221,170,391,1224,31.94%,56,317,3,3,0,379
United States Senator,0373,21,12,33,157,21.02%,2,29,0,1,0,32
United States Senator,0374,65,93,158,738,21.41%,58,88,4,1,0,151
United States Senator,0375,254,220,474,2645,17.92%,240,187,11,6,0,444
United States Senator,0376,278,205,483,1910,25.29%,217,231,7,8,0,453
United States Senator,0377,527,583,1110,2920,38.01%,818,223,28,10,0,1079
United States Senator,0378,233,354,587,1829,32.09%,358,181,29,4,0,572
United States Senator,0379,432,289,721,2027,35.57%,83,607,3,6,0,699
United States Senator,0380,1303,995,2298,5666,40.56%,1250,914,62,22,0,2248
United States Senator,0381,412,248,660,2855,23.12%,325,296,15,5,0,641
United States Senator,0382,132,157,289,922,31.34%,203,61,11,1,0,275
United States Senator,0383,289,263,552,2173,25.40%,234,279,11,4,0,528
United States Senator,0384,574,373,947,2657,35.64%,211,695,7,9,0,922
United States Senator,0385,584,670,1254,2207,56.82%,993,206,14,8,0,1221
United States Senator,0386,662,469,1131,2922,38.71%,833,236,14,9,0,1092
United States Senator,0387,555,672,1227,3935,31.18%,887,275,25,5,0,1192
United States Senator,0388,1432,1010,2442,6888,35.45%,1393,904,66,21,0,2384
United States Senator,0389,91,208,299,1026,29.14%,47,221,13,8,0,289
United States Senator,0390,355,263,519,1480,41.82%,74,503,9,13,0,599
United States Senator,0391,508,260,768,1883,40.79%,496,230,20,8,0,754
United States Senator,0392,387,155,542,1446,37.48%,13,502,4,4,0,523
United States Senator,0393,165,185,350,1292,27.09%,166,151,17,6,0,340
United States Senator,0394,69,73,142,834,17.03%,73,55,7,4,0,139
United States Senator,0395,470,404,874,1846,47.35%,630,190,31,4,0,855
United States Senator,0396,623,216,839,2082,40.30%,21,773,11,2,0,807
Office,Precinct,Early Ballots Cast,Election Ballots Cast,Total Ballots Cast,Registered Voters,Percent Turnout,REP John Cornyn,DEM David M. Alameel,LIB Rebecca Paddock,"GRN Emily ""Spicybrown"" Sanchez",Mohammed Tahiro,Totals
United States Senator,0397,86,78,164,760,21.58%,78,76,2,3,0,159
United States Senator,0398,615,521,1136,4022,28.24%,614,459,25,15,0,1113
United States Senator,0399,404,366,770,2791,27.59%,433,291,21,7,0,752
United States Senator,0400,620,359,979,2411,40.61%,720,204,26,6,0,956
United States Senator,0401,330,205,535,1913,27.97%,23,466,7,11,0,507
United States Senator,0402,467,266,733,1794,40.86%,43,657,4,7,0,711
United States Senator,0403,475,498,973,1715,56.73%,575,345,18,9,0,947
United States Senator,0404,419,330,749,2585,28.97%,445,250,16,9,0,720
United States Senator,0405,0,0,0,0,0.00%,0,0,0,0,0,0
United States Senator,0406,137,67,204,628,32.48%,9,189,1,0,0,199
United States Senator,0407,695,793,1488,3769,39.48%,1041,364,36,10,0,1451
United States Senator,0408,146,153,299,1691,17.68%,151,132,3,5,0,291
United States Senator,0409,122,149,271,1459,18.57%,112,142,6,4,0,264
United States Senator,0410,132,80,212,899,23.58%,47,153,2,3,0,205
United States Senator,0411,235,200,435,2339,18.60%,153,241,14,7,0,415
United States Senator,0412,74,44,118,468,25.21%,5,100,1,4,0,110
United States Senator,0413,767,386,1153,2992,38.54%,487,621,11,11,0,1130
United States Senator,0414,654,480,1134,3453,32.84%,881,199,18,10,0,1108
United States Senator,0415,540,598,1138,2203,51.66%,777,285,29,18,0,1109
United States Senator,0416,538,558,1096,3791,28.91%,617,405,30,16,0,1068
United States Senator,0417,353,385,738,2448,30.15%,378,296,24,16,0,714
United States Senator,0418,404,469,873,3584,24.36%,367,428,24,14,0,833
United States Senator,0419,572,324,896,2658,33.71%,602,245,23,7,0,877
United States Senator,0420,1036,874,1910,4762,40.11%,1568,251,44,7,0,1870
United States Senator,0421,36,37,73,410,17.80%,31,39,3,0,0,73
United States Senator,0422,733,402,1135,3345,33.93%,39,1048,6,6,0,1099
United States Senator,0423,108,120,228,1376,16.57%,78,138,2,2,0,220
United States Senator,0424,240,111,351,967,36.30%,215,113,17,2,0,347
United States Senator,0425,107,123,230,883,26.05%,85,119,9,9,0,222
United States Senator,0426,260,183,443,1218,36.37%,278,141,8,4,0,431
United States Senator,0427,179,134,313,1092,28.66%,144,143,4,4,1,296
United States Senator,0428,619,421,1040,4538,22.92%,360,589,7,14,1,971
United States Senator,0429,445,314,759,3197,23.74%,218,472,11,11,0,712
Office,Precinct,Early Ballots Cast,Election Ballots Cast,Total Ballots Cast,Registered Voters,Percent Turnout,REP John Cornyn,DEM David M. Alameel,LIB Rebecca Paddock,"GRN Emily ""Spicybrown"" Sanchez",Mohammed Tahiro,Totals
United States Senator,0430,161,133,294,1657,17.74%,89,180,7,6,0,282
United States Senator,0431,327,84,411,3417,12.03%,146,215,10,10,0,381
United States Senator,0432,123,157,280,1455,19.24%,103,152,18,3,0,275
United States Senator,0433,50,63,113,581,19.45%,24,74,3,4,0,105
United States Senator,0434,372,289,661,1503,43.98%,443,182,13,5,0,543
United States Senator,0435,858,636,1494,3252,45.94%,1014,393,32,11,0,1450
United States Senator,0436,630,531,1161,2933,39.58%,762,334,19,9,0,1124
United States Senator,0437,521,512,1033,2033,50.81%,747,235,23,9,0,1014
United States Senator,0438,519,389,1008,1861,54.16%,795,166,22,0,0,953
United States Senator,0439,710,884,1594,3554,44.85%,1169,317,42,13,0,1541
United States Senator,0440,664,858,1522,2930,51.95%,1253,202,26,4,0,1485
United States Senator,0441,347,420,767,1669,45.96%,603,129,18,2,0,752
United States Senator,0442,612,574,1186,2575,46.06%,983,146,29,6,0,1154
United States Senator,0443,227,138,365,646,56.50%,271,74,11,5,0,351
United States Senator,0444,557,583,1270,3262,38.93%,812,355,53,12,0,1232
United States Senator,0445,499,348,847,2026,41.81%,598,204,13,8,0,823
United States Senator,0446,31,22,53,291,18.21%,25,24,1,0,0,50
United States Senator,0447,93,86,179,637,28.10%,55,110,8,6,0,179
United States Senator,0448,590,778,1368,3138,43.59%,766,482,52,21,0,1321
United States Senator,0449,12,23,35,198,17.68%,3,31,0,0,0,34
United States Senator,0450,435,328,764,2635,28.99%,238,472,19,14,0,743
United States Senator,0451,1003,510,1513,2687,56.31%,1250,182,26,4,0,1452
United States Senator,0452,554,444,998,3048,32.74%,741,201,36,5,0,983
United States Senator,0453,233,262,495,1937,25.55%,200,256,6,9,0,471
United States Senator,0454,594,248,842,2561,32.88%,24,779,4,4,0,511
United States Senator,0455,367,165,532,1689,31.50%,24,481,5,8,0,515
United States Senator,0456,482,362,844,3513,24.03%,501,305,11,7,0,824
United States Senator,0457,0,0,0,0,0.00%,0,0,0,0,0,0
United States Senator,0458,471,237,708,1924,36.80%,37,624,9,11,0,681
United States Senator,0459,951,474,1425,3021,47.17%,1130,223,39,6,0,1398
United States Senator,0460,554,331,885,2837,31.19%,239,595,19,15,0,858
United States Senator,0461,1155,735,1901,3871,49.11%,1352,436,41,10,0,1839
United States Senator,0462,676,619,1295,3384,38.27%,504,717,17,20,0,1258
Office,Precinct,Early Ballots Cast,Election Ballots Cast,Total Ballots Cast,Registered Voters,Percent Turnout,REP John Cornyn,DEM David M. Alameel,LIB Rebecca Paddock,"GRN Emily ""Spicybrown"" Sanchez",Mohammed Tahiro,Totals
United States Senator,0463,481,404,885,3326,26.61%,408,413,29,11,0,861
United States Senator,0464,356,430,786,2257,34.82%,554,178,25,5,0,762
United States Senator,0465,589,520,1209,3564,33.92%,687,456,29,9,0,1151
United States Senator,0466,1058,614,1672,4184,39.96%,988,604,19,11,0,1522
United States Senator,0467,213,189,402,1270,31.65%,104,276,6,5,0,391
United States Senator,0468,352,443,795,3598,22.10%,253,479,11,17,0,760
United States Senator,0469,1300,547,1847,3985,46.35%,1468,280,28,12,0,1788
United States Senator,0470,185,176,361,1326,27.22%,276,68,8,4,0,355
United States Senator,0471,375,380,755,2387,31.63%,580,104,27,17,0,728
United States Senator,0472,199,278,477,1081,44.13%,216,228,11,8,0,453
United States Senator,0473,504,391,995,1806,55.09%,712,233,25,6,0,975
United States Senator,0474,559,588,1147,3037,37.77%,792,272,40,10,0,1114
United States Senator,0475,189,267,456,1809,25.21%,233,188,12,8,0,441
United States Senator,0476,404,473,877,2430,36.09%,502,321,17,6,0,545
United States Senator,0477,737,567,1304,3505,37.20%,975,245,47,4,0,1271
United States Senator,0478,961,657,1618,4461,36.27%,1117,422,35,10,0,1584
United States Senator,0479,640,612,1252,2714,46.13%,938,238,41,11,0,1228
United States Senator,0480,493,450,943,2415,39.05%,688,197,32,5,0,922
United States Senator,0481,771,623,1394,3482,40.03%,1060,241,26,18,0,1345
United States Senator,0482,878,630,1508,4373,34.48%,1054,343,56,14,0,1457
United States Senator,0483,1043,478,1521,4308,35.31%,912,520,38,23,0,1493
United States Senator,0484,1110,930,2040,4979,40.97%,1468,449,47,18,0,1982
United States Senator,0485,1097,911,2008,5388,37.27%,1556,348,62,11,0,1977
United States Senator,0486,873,855,1728,3866,44.70%,1354,282,52,10,0,1595
United States Senator,0487,570,294,864,3860,22.38%,334,450,11,13,0,505
United States Senator,0488,258,254,522,1719,30.37%,203,257,20,7,0,457
United States Senator,0489,350,290,640,1893,33.81%,221,381,14,9,0,525
United States Senator,0490,445,368,813,1975,41.16%,295,467,16,6,0,784
United States Senator,0491,315,372,688,1888,36.44%,427,221,24,5,0,577
United States Senator,0492,555,410,966,2335,41.37%,617,302,14,10,0,943
United States Senator,0493,483,322,805,1853,43.44%,559,195,19,10,0,783
United States Senator,0494,381,247,628,2467,25.46%,93,497,5,7,0,602
United States Senator,0495,524,523,1047,2375,44.08%,769,212,29,9,0,1019
Office,Precinct,Early Ballots Cast,Election Ballots Cast,Total Ballots Cast,Registered Voters,Percent Turnout,REP John Cornyn,DEM David M. Alameel,LIB Rebecca Paddock,"GRN Emily ""Spicybrown"" Sanchez",Mohammed Tahiro,Totals
United States Senator,0496,190,315,505,2160,23.38%,205,256,12,10,0,453
United States Senator,0497,525,243,769,2257,34.07%,35,697,0,2,0,734
United States Senator,0498,364,323,687,2297,29.91%,307,327,26,7,0,557
United States Senator,0499,752,518,1270,2326,54.60%,952,253,26,5,0,1236
United States Senator,0500,730,715,1445,3507,41.20%,1002,356,38,15,0,1411
United States Senator,0501,341,417,758,1801,42.09%,277,411,32,18,0,738
United States Senator,0502,477,350,827,2501,33.07%,666,118,18,5,0,507
United States Senator,0503,174,116,290,1374,21.11%,115,143,3,10,0,271
United States Senator,0504,527,527,1154,2288,50.44%,777,312,36,12,0,1137
United States Senator,0505,531,562,1193,3773,31.62%,551,545,44,25,0,1165
United States Senator,0506,665,670,1335,3502,38.12%,245,1020,15,17,0,1297
United States Senator,0507,222,149,371,2452,15.13%,78,217,9,6,1,311
United States Senator,0508,493,412,905,3287,27.53%,371,447,27,12,0,857
United States Senator,0509,754,596,1350,3732,36.17%,941,308,44,9,0,1302
United States Senator,0510,589,514,1203,3590,33.51%,625,498,34,20,0,1177
United States Senator,0511,0,0,0,0,0.00%,0,0,0,0,0,0
United States Senator,0512,602,660,1262,5057,24.96%,594,568,36,26,0,1224
United States Senator,0513,1019,487,1506,2894,52.04%,1186,258,28,3,0,1475
United States Senator,0514,954,720,1674,4275,39.16%,1257,316,50,14,0,1637
United States Senator,0515,943,683,1525,3455,47.06%,1340,215,32,8,0,1595
United States Senator,0516,1002,800,1802,5356,33.64%,980,708,42,18,0,1748
United States Senator,0517,482,256,738,2954,24.98%,419,261,21,11,0,712
United States Senator,0518,535,693,1329,3943,33.71%,881,368,36,7,0,1292
United States Senator,0519,623,493,1116,2966,37.63%,834,218,25,11,0,1088
United States Senator,0520,474,457,931,4580,20.33%,172,701,22,13,0,908
United States Senator,0521,472,464,936,2866,32.66%,504,370,27,12,0,913
United States Senator,0522,717,572,1289,2689,47.94%,978,222,42,9,0,1251
United States Senator,0523,752,415,1167,3052,38.24%,794,298,47,7,0,1146
United States Senator,0524,568,459,1027,3410,30.12%,358,603,19,13,0,993
United States Senator,0525,708,482,1190,3091,38.50%,291,831,20,11,0,1153
United States Senator,0526,55,84,152,780,19.49%,48,83,6,3,0,140
United States Senator,0527,37,40,77,574,13.41%,38,27,4,5,0,74
United States Senator,0528,14,12,25,90,28.89%,2,21,1,0,0,24
Office,Precinct,Early Ballots Cast,Election Ballots Cast,Total Ballots Cast,Registered Voters,Percent Turnout,REP John Cornyn,DEM David M. Alameel,LIB Rebecca Paddock,"GRN Emily ""Spicybrown"" Sanchez",Mohammed Tahiro,Totals
United States Senator,0529,1043,491,1534,3710,41.35%,1293,143,48,9,0,1493
United States Senator,0530,114,107,221,1196,18.48%,60,129,5,8,0,202
United States Senator,0531,363,174,537,1145,46.90%,414,90,9,2,0,515
United States Senator,0532,205,146,351,1048,33.49%,257,71,8,6,0,342
United States Senator,0533,124,108,232,1119,20.73%,135,77,8,1,0,221
United States Senator,0534,783,524,1307,3837,34.06%,1004,220,32,6,0,1262
United States Senator,0535,33,29,62,416,14.90%,30,27,2,1,0,50
United States Senator,0536,554,780,1334,5139,25.96%,539,691,22,32,0,1254
United States Senator,0537,557,778,1635,3050,53.61%,1230,344,22,4,0,1500
United States Senator,0538,204,160,364,1303,27.94%,11,327,5,5,0,348
United States Senator,0539,15,241,256,64,400.00%,81,148,9,4,1,243
United States Senator,0540,378,316,694,1567,44.29%,295,361,13,11,0,680
United States Senator,0541,789,505,1294,4599,28.14%,198,1017,26,19,0,1250
United States Senator,0542,360,382,742,2557,29.02%,54,644,6,7,0,711
United States Senator,0543,141,213,354,1565,22.62%,115,197,7,18,0,337
United States Senator,0544,35,41,77,310,24.84%,11,59,0,2,0,72
United States Senator,0545,597,620,1217,3629,33.54%,635,514,24,8,0,1181
United States Senator,0546,2,2,4,37,10.81%,3,1,0,0,0,4
United States Senator,0547,502,466,968,2406,40.23%,682,203,39,14,0,935
United States Senator,0548,286,293,579,2215,26.14%,303,235,15,7,0,550
United States Senator,0549,343,418,761,2663,28.58%,117,604,10,8,0,739
United States Senator,0550,501,431,932,3031,30.75%,533,326,23,13,0,895
United States Senator,0551,1288,1394,2682,7034,38.13%,2052,512,56,18,0,2638
United States Senator,0552,847,883,1730,3415,50.66%,1434,213,31,13,0,1591
United States Senator,0553,579,529,1108,4686,23.64%,499,527,25,15,0,1055
United States Senator,0554,261,199,460,1757,26.18%,104,313,4,4,0,425
United States Senator,0555,225,277,502,2219,22.62%,113,358,10,7,0,488
United States Senator,0556,276,186,462,2319,19.92%,148,286,4,11,0,449
United States Senator,0557,455,183,638,2830,22.54%,281,265,8,17,0,571
United States Senator,0558,694,463,1157,4380,26.42%,409,650,38,21,1,1119
United States Senator,0559,541,494,1135,4969,22.84%,351,711,28,20,0,1110
United States Senator,0560,72,131,203,1120,18.13%,58,118,3,11,0,190
United States Senator,0561,362,436,798,3064,26.04%,490,252,23,9,0,774
Office,Precinct,Early Ballots Cast,Election Ballots Cast,Total Ballots Cast,Registered Voters,Percent Turnout,REP John Cornyn,DEM David M. Alameel,LIB Rebecca Paddock,"GRN Emily ""Spicybrown"" Sanchez",Mohammed Tahiro,Totals
United States Senator,0562,113,68,181,694,26.08%,27,141,0,4,0,172
United States Senator,0563,1108,376,1484,3105,47.79%,1176,235,34,10,0,1455
United States Senator,0564,474,426,900,3155,28.53%,246,599,23,17,1,885
United States Senator,0565,108,78,186,1354,13.74%,45,123,6,2,0,175
United States Senator,0566,419,324,743,2882,25.78%,228,449,31,9,0,717
United States Senator,0567,301,193,494,2238,22.07%,175,259,11,9,0,454
United States Senator,0568,876,685,1561,3594,43.43%,1037,415,48,17,0,1517
United States Senator,0569,576,667,1243,3525,35.26%,706,468,30,16,1,1221
United States Senator,0570,239,210,449,1562,28.75%,167,253,8,13,0,441
United States Senator,0571,155,149,304,1827,16.64%,123,155,3,8,0,289
United States Senator,0572,556,375,931,3108,29.95%,495,385,31,6,0,917
United States Senator,0573,290,151,441,1619,27.24%,6,411,2,7,0,426
United States Senator,0574,31,42,73,402,18.16%,8,60,0,3,0,71
United States Senator,0575,13,11,24,74,32.43%,20,4,0,0,0,24
United States Senator,0576,486,318,804,2734,29.41%,30,729,9,9,0,777
United States Senator,0577,148,88,236,608,38.82%,138,74,9,4,0,225
United States Senator,0578,409,538,947,1799,52.64%,588,299,33,4,0,924
United States Senator,0579,76,101,177,1056,16.76%,35,128,3,3,0,159
United States Senator,0580,179,118,297,1031,28.81%,10,265,4,3,0,282
United States Senator,0581,212,174,386,1032,37.40%,11,359,3,2,0,375
United States Senator,0582,258,171,429,1588,27.02%,27,376,2,4,0,409
United States Senator,0583,225,131,356,1262,28.21%,16,323,5,4,0,348
United States Senator,0584,182,93,275,1014,27.12%,13,247,2,3,0,265
United States Senator,0585,417,172,589,2511,23.46%,24,535,6,6,0,571
United States Senator,0586,638,680,1318,4316,30.54%,803,432,41,15,0,1291
United States Senator,0587,439,284,723,2598,27.83%,295,396,16,3,0,710
United States Senator,0588,759,674,1433,3645,39.31%,1014,326,44,15,0,1399
United States Senator,0589,500,386,886,3420,25.91%,494,318,29,12,0,853
United States Senator,0590,773,399,1172,2162,54.21%,915,193,23,4,0,1135
United States Senator,0591,183,231,414,2121,19.52%,126,251,7,17,0,401
United States Senator,0592,133,157,290,1350,21.48%,83,180,6,9,0,278
United States Senator,0593,544,564,1108,4380,25.30%,560,459,31,27,0,1077
United States Senator,0594,563,326,889,2490,35.70%,251,586,14,8,0,859
Office,Precinct,Early Ballots Cast,Election Ballots Cast,Total Ballots Cast,Registered Voters,Percent Turnout,REP John Cornyn,DEM David M. Alameel,LIB Rebecca Paddock,"GRN Emily ""Spicybrown"" Sanchez",Mohammed Tahiro,Totals
United States Senator,0595,201,178,379,1693,22.39%,76,279,4,5,0,364
United States Senator,0596,441,348,789,3007,26.24%,445,286,23,19,1,774
United States Senator,0597,367,394,761,3653,20.83%,332,390,13,13,0,748
United States Senator,0598,195,57,252,728,34.62%,201,31,7,0,0,239
United States Senator,0599,850,578,1428,4950,28.85%,526,830,24,17,0,1397
United States Senator,0600,667,429,1096,3957,27.70%,456,573,26,11,0,1066
United States Senator,0601,1074,756,1830,4057,45.11%,1381,339,50,9,0,1779
United States Senator,0602,293,235,528,1326,39.82%,382,116,12,6,0,516
United States Senator,0603,884,794,1678,4843,34.65%,1050,512,63,24,0,1649
United States Senator,0604,702,518,1220,3005,40.60%,1005,147,29,8,0,1189
United States Senator,0605,908,556,1464,5582,26.23%,377,1013,18,21,0,1429
United States Senator,0606,176,70,246,937,26.25%,7,227,2,0,0,236
United States Senator,0607,62,51,113,728,15.52%,13,94,0,2,0,109
United States Senator,0608,31,47,78,537,14.53%,43,27,2,0,0,72
United States Senator,0609,667,680,1347,3384,39.80%,861,410,29,10,0,1310
United States Senator,0610,231,188,419,1927,21.74%,222,154,13,9,0,398
United States Senator,0611,495,242,737,2488,29.62%,26,666,7,3,0,702
United States Senator,0612,996,497,1493,3307,45.15%,1134,259,35,15,0,1443
United States Senator,0613,186,204,390,1554,25.10%,71,300,4,7,0,382
United States Senator,0614,737,566,1303,4207,30.97%,514,718,21,12,0,1265
United States Senator,0615,480,299,779,1967,39.60%,496,238,18,8,0,760
United States Senator,0616,739,663,1402,3436,40.80%,979,333,33,10,0,1355
United States Senator,0617,541,393,934,3809,24.52%,386,482,32,12,0,912
United States Senator,0618,946,567,1513,6003,25.20%,760,641,46,19,0,1466
United States Senator,0619,1219,803,2022,4297,47.06%,1529,366,58,27,0,1980
United States Senator,0620,689,264,953,2897,32.90%,627,293,15,5,0,940
United States Senator,0621,154,101,255,1133,22.51%,137,97,13,3,0,250
United States Senator,0622,882,524,1406,4403,31.93%,872,439,43,12,0,1366
United States Senator,0623,887,487,1374,3691,37.23%,933,347,31,14,0,1325
United States Senator,0624,1,1,2,3,66.67%,1,1,0,0,0,2
United States Senator,0625,477,362,839,1820,46.10%,489,292,21,11,0,813
United States Senator,0626,581,440,1021,2861,35.69%,597,355,32,14,0,998
United States Senator,0627,347,322,669,3049,21.94%,257,366,18,9,0,650
Office,Precinct,Early Ballots Cast,Election Ballots Cast,Total Ballots Cast,Registered Voters,Percent Turnout,REP John Cornyn,DEM David M. Alameel,LIB Rebecca Paddock,"GRN Emily ""Spicybrown"" Sanchez",Mohammed Tahiro,Totals
United States Senator,0628,154,219,373,1675,22.27%,199,146,16,2,0,363
United States Senator,0629,37,53,90,696,12.93%,16,71,1,1,0,89
United States Senator,0630,976,600,1576,3905,40.36%,127,1369,19,21,0,1535
United States Senator,0631,822,404,1226,2846,43.08%,902,262,31,5,0,1200
United States Senator,0632,7,4,11,343,3.21%,2,6,1,1,0,10
United States Senator,0633,946,731,1677,3559,47.12%,1209,387,35,10,0,1641
United States Senator,0634,458,442,900,3029,29.71%,577,240,39,14,0,870
United States Senator,0635,745,485,1230,3393,36.25%,895,234,48,12,0,1189
United States Senator,0636,836,874,1710,4140,41.30%,1452,164,46,4,0,1555
United States Senator,0637,409,362,771,2512,30.69%,210,487,19,20,0,736
United States Senator,0638,306,245,551,2204,25.00%,46,467,7,5,0,525
United States Senator,0639,549,547,1096,2526,43.39%,863,144,44,6,0,1057
United States Senator,0640,641,459,1100,3733,29.47%,695,338,31,7,0,1071
United States Senator,0641,649,596,1245,3650,34.11%,839,336,27,15,0,1217
United States Senator,0642,472,394,866,1764,49.09%,698,124,19,1,0,842
United States Senator,0643,934,653,1587,5945,26.69%,644,857,36,13,0,1550
United States Senator,0644,1022,823,1845,5523,33.41%,1220,496,54,19,0,1789
United States Senator,0645,655,594,1249,4185,29.84%,690,482,31,11,0,1214
United States Senator,0646,364,287,651,2220,29.32%,221,376,8,7,0,512
United States Senator,0647,904,470,1374,6084,22.58%,429,817,13,13,0,1272
United States Senator,0648,838,579,1417,3367,42.08%,1012,317,44,9,0,1382
United States Senator,0649,687,434,1121,4576,24.50%,389,646,26,20,0,1081
United States Senator,0650,906,766,1672,3888,43.00%,1223,352,42,15,0,1632
United States Senator,0651,963,766,1729,5128,33.72%,1119,503,52,15,0,1689
United States Senator,0652,467,515,982,2815,34.88%,182,748,11,3,0,944
United States Senator,0653,0,4,4,0,0.00%,0,3,0,1,0,4
United States Senator,0654,950,1005,1955,6208,31.49%,1105,727,39,26,0,1897
United States Senator,0655,1115,1079,2195,6855,32.02%,1358,683,91,20,0,2152
United States Senator,0656,579,393,972,2674,36.35%,49,882,4,7,0,942
United States Senator,0657,247,172,419,1292,32.43%,177,223,6,6,0,412
United States Senator,0658,540,426,966,2807,34.41%,622,279,29,7,0,937
United States Senator,0659,1150,788,1938,4856,39.91%,1382,451,50,10,0,1893
United States Senator,0660,951,825,1776,5372,33.06%,189,1508,13,12,0,1722
Office,Precinct,Early Ballots Cast,Election Ballots Cast,Total Ballots Cast,Registered Voters,Percent Turnout,REP John Cornyn,DEM David M. Alameel,LIB Rebecca Paddock,"GRN Emily ""Spicybrown"" Sanchez",Mohammed Tahiro,Totals
United States Senator,0661,675,765,1440,4567,31.53%,849,489,29,25,0,1392
United States Senator,0662,1148,890,2038,4874,41.81%,1640,310,41,8,0,1999
United States Senator,0663,720,797,1517,3346,45.34%,794,618,50,22,0,1484
United States Senator,0664,352,250,602,2869,20.98%,148,390,8,22,0,558
United States Senator,0665,485,348,833,2154,38.67%,699,86,29,7,0,821
United States Senator,0666,0,0,0,0,0.00%,0,0,0,0,0,0
United States Senator,0667,488,502,990,2149,46.07%,782,161,21,5,0,959
United States Senator,0668,399,509,908,2775,32.72%,578,261,34,8,0,881
United States Senator,0669,850,738,1588,3425,46.36%,1166,349,32,8,1,1555
United States Senator,0670,959,471,1430,2983,47.94%,1142,213,36,12,0,1403
United States Senator,0671,404,565,969,3037,31.91%,601,300,28,11,0,940
United States Senator,0672,960,862,1822,5706,31.93%,1243,477,47,14,0,1781
United States Senator,0673,729,516,1245,2995,41.57%,979,198,31,4,0,1212
United States Senator,0674,1071,618,1689,4091,41.29%,1261,324,33,17,0,1535
United States Senator,0675,0,1,1,0,0.00%,1,0,0,0,0,1
United States Senator,0676,0,0,0,0,0.00%,0,0,0,0,0,0
United States Senator,0677,127,127,254,1266,20.06%,100,132,7,6,0,245
United States Senator,0678,166,108,274,735,37.28%,183,70,10,7,0,270
United States Senator,0679,635,520,1155,3381,34.16%,883,208,26,7,0,1124
United States Senator,0680,21,14,35,162,21.60%,15,15,1,4,0,35
United States Senator,0681,1,0,1,5,20.00%,1,0,0,0,0,1
United States Senator,0682,711,654,1365,4216,32.38%,1009,274,42,13,0,1338
United States Senator,0683,29,20,49,276,17.75%,11,35,0,2,0,48
United States Senator,0684,28,22,50,223,22.42%,24,20,3,1,0,48
United States Senator,0685,110,29,139,307,45.28%,70,62,2,3,0,137
United States Senator,0686,17,12,29,208,13.94%,9,15,2,1,0,27
United States Senator,0687,551,537,1088,2609,41.70%,757,266,28,8,0,1059
United States Senator,0688,1001,617,1618,3504,46.18%,1313,233,27,11,0,1584
United States Senator,0689,211,387,598,2346,25.49%,318,231,14,7,0,570
United States Senator,0690,926,1104,2030,5102,39.79%,1629,275,67,10,0,1981
United States Senator,0691,2,5,7,25,28.00%,3,4,0,0,0,7
United States Senator,0692,444,548,992,2847,34.84%,761,183,31,1,0,975
United States Senator,0693,167,91,258,666,38.74%,73,171,9,1,0,254
Office,Precinct,Early Ballots Cast,Election Ballots Cast,Total Ballots Cast,Registered Voters,Percent Turnout,REP John Cornyn,DEM David M. Alameel,LIB Rebecca Paddock,"GRN Emily ""Spicybrown"" Sanchez",Mohammed Tahiro,Totals
United States Senator,0694,262,120,382,845,45.21%,271,91,7,3,0,372
United States Senator,0695,232,193,425,1724,24.65%,273,125,7,7,0,412
United States Senator,0696,261,207,468,1982,23.61%,302,131,16,1,0,450
United States Senator,0697,605,613,1218,4413,27.60%,320,809,23,22,0,1174
United States Senator,0698,448,489,937,3189,29.38%,113,774,9,8,0,904
United States Senator,0699,569,414,983,2343,41.95%,675,253,27,5,0,960
United States Senator,0700,255,251,506,1371,36.91%,422,59,9,4,0,494
United States Senator,0701,56,43,99,588,16.84%,62,32,2,0,0,96
United States Senator,0702,64,70,134,539,24.86%,20,109,1,1,0,131
United States Senator,0703,372,490,862,1882,45.80%,653,169,20,9,0,851
United States Senator,0704,569,599,1168,3064,38.12%,948,157,24,7,0,1136
United States Senator,0705,114,113,227,1523,14.90%,35,178,1,3,0,217
United States Senator,0706,115,71,186,610,30.49%,99,74,4,2,0,179
United States Senator,0707,153,86,239,707,33.80%,159,60,6,5,0,230
United States Senator,0708,54,52,106,563,18.83%,49,44,4,2,0,99
United States Senator,0709,1375,947,2322,6848,33.91%,1414,790,64,19,0,2287
United States Senator,0710,371,462,833,2082,40.01%,469,318,21,10,0,818
United States Senator,0711,704,506,1210,3484,34.73%,757,386,34,9,0,1186
United States Senator,0712,491,463,954,3670,25.99%,409,482,27,15,1,934
United States Senator,0713,228,262,490,1907,25.69%,244,204,22,7,0,477
United States Senator,0714,36,19,55,296,18.58%,35,17,1,1,0,54
United States Senator,0715,176,187,363,1408,25.78%,211,135,4,6,0,356
United States Senator,0716,449,407,856,2680,31.94%,595,206,26,7,0,834
United States Senator,0717,373,250,623,2002,31.12%,87,503,3,9,0,602
United States Senator,0718,1017,806,1823,4229,43.11%,1308,410,48,13,0,1779
United States Senator,0719,247,137,384,1589,24.17%,226,123,10,10,0,369
United States Senator,0720,995,780,1775,4282,41.45%,1339,328,54,11,0,1732
United States Senator,0721,755,532,1287,2870,44.84%,857,363,32,8,0,1260
United States Senator,0722,873,494,1367,4479,30.52%,109,1184,18,14,0,1325
United States Senator,0723,401,202,603,1858,32.45%,137,428,4,11,0,580
United States Senator,0724,151,128,279,766,36.42%,220,48,6,2,0,276
United States Senator,0725,423,237,660,2237,29.50%,313,312,14,8,0,647
United States Senator,0726,592,402,994,2087,47.63%,856,84,20,9,0,969
Office,Precinct,Early Ballots Cast,Election Ballots Cast,Total Ballots Cast,Registered Voters,Percent Turnout,REP John Cornyn,DEM David M. Alameel,LIB Rebecca Paddock,"GRN Emily ""Spicybrown"" Sanchez",Mohammed Tahiro,Totals
United States Senator,0727,338,290,628,2488,25.24%,216,366,18,9,0,609
United States Senator,0728,209,151,360,880,40.91%,224,114,14,2,0,354
United States Senator,0729,136,59,195,464,42.03%,123,66,3,1,0,193
United States Senator,0730,428,359,787,1747,45.05%,530,200,16,11,0,757
United States Senator,0731,58,27,85,352,24.15%,26,56,1,0,0,83
United States Senator,0732,441,324,765,1924,39.76%,476,236,26,6,0,744
United States Senator,0733,13,7,20,215,9.30%,8,10,0,1,0,19
United States Senator,0734,1558,962,2520,7005,35.97%,1724,670,54,17,0,2465
United States Senator,0735,5,0,6,18,33.33%,6,0,0,0,0,6
United States Senator,0736,3,1,4,22,18.18%,0,3,0,1,0,4
United States Senator,0737,11,7,18,51,35.29%,11,4,1,0,0,16
United States Senator,0738,139,100,239,1361,17.56%,47,174,5,3,0,229
United States Senator,0739,354,301,655,2955,22.17%,342,265,9,13,0,629
United States Senator,0740,96,98,194,939,20.66%,128,53,3,3,0,187
United States Senator,0741,0,1,1,0,0.00%,0,0,1,0,0,1
United States Senator,0742,0,11,11,0,0.00%,6,5,0,0,0,11
United States Senator,0743,15,18,33,210,15.71%,18,8,1,4,0,31
United States Senator,0744,456,392,848,2027,41.84%,546,247,30,8,0,831
United States Senator,0745,683,372,1055,2494,42.30%,656,334,29,10,1,1030
United States Senator,0746,115,77,192,691,27.79%,89,90,5,4,0,188
United States Senator,0747,553,467,1020,3743,27.25%,487,450,39,13,0,989
United States Senator,0748,172,140,312,1403,22.24%,165,121,13,6,0,305
United States Senator,0749,30,17,47,377,12.47%,9,33,1,0,0,43
United States Senator,0750,111,96,207,767,26.99%,130,70,3,3,0,206
United States Senator,0751,925,964,1889,5084,37.16%,1270,482,67,19,0,1838
United States Senator,0752,286,200,486,1483,32.77%,362,92,11,3,0,468
United States Senator,0753,55,73,128,259,49.42%,84,35,3,1,0,123
United States Senator,0754,0,0,0,0,0.00%,0,0,0,0,0,0
United States Senator,0755,443,584,1027,4294,23.92%,472,484,17,26,0,999
United States Senator,0756,251,177,428,1600,26.75%,177,217,11,5,0,410
United States Senator,0757,520,508,1028,4035,25.48%,195,756,24,17,0,992
United States Senator,0758,1114,692,1806,4096,44.09%,1439,265,54,12,0,1770
United States Senator,0759,465,413,878,2730,32.16%,563,264,23,9,0,859
Office,Precinct,Early Ballots Cast,Election Ballots Cast,Total Ballots Cast,Registered Voters,Percent Turnout,REP John Cornyn,DEM David M. Alameel,LIB Rebecca Paddock,"GRN Emily ""Spicybrown"" Sanchez",Mohammed Tahiro,Totals
United States Senator,0760,1432,639,2071,4367,47.42%,1761,235,29,7,0,2032
United States Senator,0761,548,253,801,1550,51.68%,580,178,21,3,0,782
United States Senator,0762,0,0,0,0,0.00%,0,0,0,0,0,0
United States Senator,0763,108,146,254,1212,20.96%,107,120,6,8,0,241
United States Senator,0764,1134,774,1908,5217,36.57%,1209,605,44,19,0,1877
United States Senator,0765,848,426,1074,4055,26.49%,458,523,40,13,0,1034
United States Senator,0766,40,25,65,392,16.58%,19,45,0,0,0,84
United States Senator,0767,10,2,12,86,13.95%,6,6,0,0,0,12
United States Senator,0768,1381,1015,2376,5857,40.57%,1918,322,66,15,0,2321
United States Senator,0769,54,16,70,183,38.25%,4,62,2,1,0,89
United States Senator,0770,31,25,56,323,17.34%,27,26,1,1,0,55
United States Senator,0771,324,254,578,2426,23.83%,331,193,20,11,0,555
United States Senator,0772,1792,851,2643,5709,46.30%,2050,451,74,13,0,2588
United States Senator,0773,473,312,785,2918,26.90%,245,472,7,15,0,739
United States Senator,0774,30,41,71,378,18.78%,15,50,3,0,0,68
United States Senator,0775,18,3,21,92,22.83%,0,20,0,0,0,20
United States Senator,0776,551,496,1047,3053,34.29%,619,344,36,15,0,1014
United States Senator,0777,48,40,86,652,13.19%,36,44,1,2,0,83
United States Senator,0778,0,0,0,0,0.00%,0,0,0,0,0,0
United States Senator,0779,64,51,115,940,12.23%,45,64,0,3,0,112
United States Senator,0780,83,59,122,595,20.50%,70,47,2,0,0,119
United States Senator,0781,667,273,940,3603,26.09%,449,372,23,24,0,888
United States Senator,0782,368,370,738,2236,33.01%,467,225,25,4,0,721
United States Senator,0783,49,13,62,294,21.09%,45,14,1,1,0,81
United States Senator,0784,208,128,336,1079,31.14%,11,300,3,4,0,318
United States Senator,0785,28,25,53,296,17.91%,30,20,0,2,0,52
United States Senator,0786,100,98,198,1251,15.83%,80,107,2,2,0,191
United States Senator,0787,48,52,98,488,20.08%,34,56,3,1,0,94
United States Senator,0788,74,32,106,454,23.35%,51,45,4,5,0,105
United States Senator,0789,0,3,3,3,100.00%,1,2,0,0,0,3
United States Senator,0790,0,0,0,3,0.00%,0,0,0,0,0,0
United States Senator,0791,0,0,0,0,0.00%,0,0,0,0,0,0
United States Senator,0792,269,239,508,1865,27.24%,132,344,5,10,0,491
Office,Precinct,Early Ballots Cast,Election Ballots Cast,Total Ballots Cast,Registered Voters,Percent Turnout,REP John Cornyn,DEM David M. Alameel,LIB Rebecca Paddock,"GRN Emily ""Spicybrown"" Sanchez",Mohammed Tahiro,Totals
United States Senator,0793,448,247,695,2484,27.98%,410,228,27,9,0,674
United States Senator,0794,124,144,268,2710,9.89%,38,214,4,3,0,259
United States Senator,0795,90,125,215,1217,17.67%,90,108,4,6,0,208
United States Senator,0796,83,51,134,476,28.15%,74,47,4,1,0,125
United States Senator,0797,0,0,0,0,0.00%,0,0,0,0,0,0
United States Senator,0798,99,111,210,500,42.00%,89,102,3,9,0,203
United States Senator,0799,28,15,43,161,26.71%,10,31,0,2,0,43
United States Senator,0800,588,642,1230,2932,41.95%,849,313,35,8,0,1205
United States Senator,0801,32,14,46,258,17.83%,16,27,0,3,0,46
United States Senator,0802,52,27,79,312,25.32%,16,55,2,5,0,78
United States Senator,0803,725,511,1236,2893,42.72%,908,269,31,6,0,1214
United States Senator,0804,933,591,1524,4768,31.96%,962,460,49,14,0,1485
United States Senator,0805,765,533,1298,2866,45.29%,1051,181,30,7,0,1269
United States Senator,0806,0,0,0,0,0.00%,0,0,0,0,0,0
United States Senator,0807,211,204,415,2028,20.46%,92,286,13,9,0,400
United States Senator,0808,12,17,29,131,22.14%,10,17,1,0,0,28
United States Senator,0809,7,6,13,92,14.13%,5,6,0,0,0,11
United States Senator,0810,9,16,25,211,11.85%,8,15,0,0,0,23
United States Senator,0811,29,50,79,270,29.26%,26,45,3,2,0,75
United States Senator,0812,0,0,0,0,0.00%,0,0,0,0,0,0
United States Senator,0813,938,761,1699,5807,29.26%,854,734,46,23,0,1557
United States Senator,0814,673,533,1206,5102,23.64%,315,809,25,11,0,1160
United States Senator,0815,0,0,0,0,0.00%,0,0,0,0,0,0
United States Senator,0816,10,0,10,73,13.70%,2,7,0,1,0,10
United States Senator,0817,0,0,0,0,0.00%,0,0,0,0,0,0
United States Senator,0818,86,39,125,616,20.29%,34,86,2,1,0,123
United States Senator,0819,64,30,94,240,39.17%,58,30,1,2,0,91
United States Senator,0820,0,0,0,0,0.00%,0,0,0,0,0,0
United States Senator,0821,124,120,244,1242,19.65%,34,188,3,4,0,229
United States Senator,0822,332,167,499,1535,32.51%,20,456,2,1,0,479
United States Senator,0823,821,564,1385,5087,27.23%,826,488,22,21,0,1357
United States Senator,0824,428,282,710,2700,26.30%,168,495,11,15,0,689
United States Senator,0825,0,0,0,0,0.00%,0,0,0,0,0,0
Office,Precinct,Early Ballots Cast,Election Ballots Cast,Total Ballots Cast,Registered Voters,Percent Turnout,REP John Cornyn,DEM David M. Alameel,LIB Rebecca Paddock,"GRN Emily ""Spicybrown"" Sanchez",Mohammed Tahiro,Totals
United States Senator,0826,73,50,123,358,34.36%,69,47,1,1,0,115
United States Senator,0827,51,98,159,979,16.24%,70,65,6,7,0,145
United States Senator,0828,542,388,930,1916,48.54%,758,122,29,4,0,913
United States Senator,0829,54,22,76,264,28.79%,21,52,1,1,0,75
United States Senator,0830,0,0,0,2,0.00%,0,0,0,0,0,0
United States Senator,0831,0,0,0,0,0.00%,0,0,0,0,0,0
United States Senator,0832,34,28,62,352,17.61%,19,40,2,0,0,51
United States Senator,0833,0,1,1,20,5.00%,0,1,0,0,0,1
United States Senator,0834,0,0,0,0,0.00%,0,0,0,0,0,0
United States Senator,0835,35,19,57,290,19.66%,15,39,1,1,0,56
United States Senator,0836,3,0,3,19,15.79%,1,1,0,0,0,2
United States Senator,0837,0,0,0,0,0.00%,0,0,0,0,0,0
United States Senator,0838,0,0,0,0,0.00%,0,0,0,0,0,0
United States Senator,0839,136,118,254,1128,22.52%,54,171,16,5,0,245
United States Senator,0840,381,174,555,1705,32.55%,200,317,12,7,0,535
United States Senator,0841,0,0,0,0,0.00%,0,0,0,0,0,0
United States Senator,0842,421,434,855,3259,26.24%,408,397,12,12,0,829
United States Senator,0843,0,1,1,0,0.00%,0,1,0,0,0,1
United States Senator,0844,1,0,1,11,9.09%,0,1,0,0,0,1
United States Senator,0845,54,9,63,134,47.01%,42,18,0,1,0,51
United States Senator,0846,23,24,47,229,20.52%,1,42,2,0,0,45
United States Senator,0847,306,211,517,2015,25.66%,141,340,14,8,0,503
United States Senator,0848,490,266,756,1856,40.73%,236,474,10,9,0,729
United States Senator,0849,201,291,492,2124,23.16%,187,242,15,21,0,465
United States Senator,0850,45,41,87,210,41.43%,29,50,0,3,0,82
United States Senator,0851,1029,657,1686,4709,35.80%,1144,453,43,18,0,1555
United States Senator,0852,0,0,0,1,0.00%,0,0,0,0,0,0
United States Senator,0853,575,620,1296,2882,44.97%,999,228,26,7,0,1250
United States Senator,0854,15,26,41,172,23.84%,6,31,1,2,0,40
United States Senator,0855,5,9,14,16,87.50%,4,8,0,0,0,12
United States Senator,0856,0,1,1,0,0.00%,0,1,0,0,0,1
United States Senator,0857,0,0,0,1,0.00%,0,0,0,0,0,0
United States Senator,0858,63,34,97,343,28.28%,5,90,0,0,0,95
Office,Precinct,Early Ballots Cast,Election Ballots Cast,Total Ballots Cast,Registered Voters,Percent Turnout,REP John Cornyn,DEM David M. Alameel,LIB Rebecca Paddock,"GRN Emily ""Spicybrown"" Sanchez",Mohammed Tahiro,Totals
United States Senator,0859,157,106,263,890,29.55%,72,174,5,2,0,253
United States Senator,0860,0,0,0,0,0.00%,0,0,0,0,0,0
United States Senator,0861,315,199,514,1842,27.90%,92,394,7,4,0,497
United States Senator,0862,0,0,0,0,0.00%,0,0,0,0,0,0
United States Senator,0863,101,54,155,584,26.54%,9,141,1,2,0,153
United States Senator,0864,193,299,492,2569,19.15%,147,300,11,16,0,474
United States Senator,0865,2,3,5,21,23.81%,0,5,0,0,0,5
United States Senator,0866,0,0,0,0,0.00%,0,0,0,0,0,0
United States Senator,0867,0,0,0,0,0.00%,0,0,0,0,0,0
United States Senator,0868,236,271,507,2326,21.80%,171,298,5,7,0,481
United States Senator,0869,53,39,92,470,19.57%,24,61,2,0,0,87
United States Senator,0870,0,0,0,0,0.00%,0,0,0,0,0,0
United States Senator,0871,1,0,1,3,33.33%,0,1,0,0,0,1
United States Senator,0872,5,3,8,59,13.56%,4,4,0,0,0,8
United States Senator,0873,98,75,173,737,23.47%,47,116,6,1,0,170
United States Senator,0874,764,707,1471,3223,45.64%,1110,273,39,13,0,1435
United States Senator,0875,905,527,1432,5147,27.82%,699,637,34,21,0,1391
United States Senator,0876,700,641,1341,3265,41.07%,1038,245,27,7,0,1317
United States Senator,0877,476,382,858,3032,28.30%,354,451,19,13,0,837
United States Senator,0878,428,354,782,1666,46.94%,644,89,23,5,0,751
United States Senator,0879,407,294,701,2667,26.28%,354,294,26,9,0,683
United States Senator,0880,543,447,990,2352,42.09%,810,135,19,8,0,972
United States Senator,0881,596,540,1136,4479,25.36%,396,673,25,19,0,1113
United States Senator,0882,426,291,717,2422,29.60%,428,237,25,8,0,698
United States Senator,0883,643,702,1345,5408,24.87%,253,1008,26,22,0,1309
United States Senator,0884,57,25,82,377,21.75%,10,69,0,1,0,s0
United States Senator,0885,562,368,930,2619,35.51%,537,341,27,8,0,913
United States Senator,0886,128,108,236,675,34.96%,133,91,6,4,0,234
United States Senator,0887,51,67,118,418,28.23%,60,50,5,2,0,117
United States Senator,0888,0,3,3,0,0.00%,2,1,0,0,0,3
United States Senator,0889,14,0,14,57,24.56%,5,9,0,0,0,14
United States Senator,0890,164,103,267,1095,24.38%,91,154,8,6,0,259
United States Senator,0891,320,243,563,1331,42.30%,237,296,12,5,0,550
Office,Precinct,Early Ballots Cast,Election Ballots Cast,Total Ballots Cast,Registered Voters,Percent Turnout,REP John Cornyn,DEM David M. Alameel,LIB Rebecca Paddock,"GRN Emily ""Spicybrown"" Sanchez",Mohammed Tahiro,Totals
United States Senator,0892,115,86,201,808,24.88%,74,107,10,5,0,196
United States Senator,0893,0,2,2,6,33.33%,0,2,0,0,0,2
United States Senator,0894,0,3,3,0,0.00%,1,2,0,0,0,3
United States Senator,0895,156,286,442,793,55.74%,194,219,8,10,0,431
United States Senator,0896,372,297,669,1459,45.85%,262,355,21,13,0,651
United States Senator,0897,253,297,550,1701,32.33%,321,198,17,4,0,540
United States Senator,0898,0,0,0,3,0.00%,0,0,0,0,0,0
United States Senator,0899,2,0,2,8,25.00%,0,2,0,0,0,2
United States Senator,0900,0,2,2,10,20.00%,1,1,0,0,0,2
United States Senator,0901,0,0,0,0,0.00%,0,0,0,0,0,0
United States Senator,0902,396,486,882,2139,41.23%,498,329,25,10,0,862
United States Senator,0903,3,7,10,50,20.00%,3,5,1,0,0,9
United States Senator,0904,1,0,1,7,14.29%,1,0,0,0,0,1
United States Senator,0905,123,100,223,904,24.67%,112,98,3,2,0,215
United States Senator,0906,8,6,14,25,56.00%,8,5,0,0,0,13
United States Senator,0907,12,19,31,181,17.13%,6,23,0,1,0,30
United States Senator,0908,0,1,1,0,0.00%,0,1,0,0,0,1
United States Senator,0909,2,1,3,18,16.67%,1,2,0,0,0,3
United States Senator,0910,25,24,49,217,22.58%,20,24,0,2,0,46
United States Senator,0911,118,60,178,551,32.30%,116,44,4,5,0,169
United States Senator,0912,316,201,517,1273,40.61%,355,133,12,5,0,505
United States Senator,0913,0,0,0,0,0.00%,0,0,0,0,0,0
United States Senator,0914,169,179,348,701,49.64%,278,52,12,0,0,342
United States Senator,0915,0,0,0,0,0.00%,0,0,0,0,0,0
United States Senator,0916,417,240,657,1491,44.06%,516,105,19,4,0,644
United States Senator,0917,178,62,240,483,49.69%,161,64,11,1,0,237
United States Senator,0918,304,168,472,883,53.45%,364,86,11,3,0,464
United States Senator,0919,0,0,0,3,0.00%,0,0,0,0,0,0
United States Senator,0920,22,12,34,71,47.89%,22,9,0,0,0,31
United States Senator,0921,32,15,47,119,39.50%,34,11,2,0,0,47
United States Senator,0922,0,0,0,0,0.00%,0,0,0,0,0,0
United States Senator,0923,470,137,607,1511,40.17%,462,128,12,0,0,602
United States Senator,0924,0,0,0,0,0.00%,0,0,0,0,0,0
Office,Precinct,Early Ballots Cast,Election Ballots Cast,Total Ballots Cast,Registered Voters,Percent Turnout,REP John Cornyn,DEM David M. Alameel,LIB Rebecca Paddock,"GRN Emily ""Spicybrown"" Sanchez",Mohammed Tahiro,Totals
United States Senator,0925,0,0,0,0,0.00%,0,0,0,0,0,0
United States Senator,0926,171,128,299,796,37.56%,235,53,6,2,0,296
United States Senator,0927,44,30,74,270,27.41%,33,36,1,2,0,72
United States Senator,0928,3,0,3,8,37.50%,0,3,0,0,0,3
United States Senator,0929,0,0,0,0,0.00%,0,0,0,0,0,0
United States Senator,0930,109,54,163,584,27.91%,5,154,1,0,0,160
United States Senator,0931,30,40,70,130,53.85%,36,26,2,0,0,e4
United States Senator,0932,0,0,0,0,0.00%,0,0,0,0,0,0
United States Senator,0933,115,85,200,627,31.90%,55,129,4,6,0,194
United States Senator,0934,2,0,2,63,3.17%,1,1,0,0,0,2
United States Senator,0935,3,2,5,54,9.26%,1,1,1,1,0,4
United States Senator,0936,8,2,10,81,12.35%,3,6,0,1,0,10
United States Senator,0937,0,0,0,0,0.00%,0,0,0,0,0,0
United States Senator,0938,30,14,44,231,19.05%,13,27,2,0,0,42
United States Senator,0939,0,0,0,2,0.00%,0,0,0,0,0,0
United States Senator,0940,0,0,0,10,0.00%,0,0,0,0,0,0
United States Senator,0941,9,10,19,25,76.00%,19,0,0,0,0,19
United States Senator,0942,53,27,80,156,51.28%,66,8,2,3,0,79
United States Senator,0943,166,80,246,547,44.97%,180,56,1,1,0,238
United States Senator,0944,20,4,24,45,53.33%,22,2,0,0,0,24
United States Senator,0945,1,2,3,17,17.65%,1,2,0,0,0,3
United States Senator,0946,0,1,1,13,7.69%,0,1,0,0,0,1
United States Senator,0947,177,246,423,799,52.94%,222,172,15,6,0,415
United States Senator,0948,0,14,14,1,1400.00%,9,3,0,0,0,12
United States Senator,0949,34,27,61,193,31.61%,33,21,2,3,0,59
United States Senator,0950,0,0,0,1,0.00%,0,0,0,0,0,0
United States Senator,0951,33,30,63,277,22.74%,18,45,0,0,0,63
United States Senator,0952,18,15,33,71,46.48%,17,14,1,1,0,33
United States Senator,0953,18,9,27,275,9.82%,4,21,1,0,0,25
United States Senator,0954,0,0,0,1,0.00%,0,0,0,0,0,0
United States Senator,0955,3,2,5,19,26.32%,4,1,0,0,0,5
United States Senator,0956,2,4,6,11,54.55%,3,3,0,0,0,5
United States Senator,0957,97,95,192,562,34.16%,22,160,4,1,0,187
Office,Precinct,Early Ballots Cast,Election Ballots Cast,Total Ballots Cast,Registered Voters,Percent Turnout,REP John Cornyn,DEM David M. Alameel,LIB Rebecca Paddock,"GRN Emily ""Spicybrown"" Sanchez",Mohammed Tahiro,Totals
United States Senator,0958,81,129,210,1081,19.43%,53,140,4,6,1,204
United States Senator,0959,0,0,0,0,0.00%,0,0,0,0,0,0
United States Senator,0960,196,157,353,976,36.1,7%,68,264,8,4,0,344
United States Senator,0961,15,0,16,56,28.57%,0,15,0,1,0,15
United States Senator,0962,10,17,27,88,30.68%,3,23,0,1,0,27
United States Senator,0963,54,41,105,426,24.65%,55,39,2,3,0,99
United States Senator,0964,568,437,1005,2372,42.37%,613,334,22,7,0,976
United States Senator,0965,31,21,52,343,15.16%,26,17,2,3,0,48
United States Senator,0966,129,83,212,1148,18.47%,70,123,7,5,0,205
United States Senator,0967,15,48,63,165,38.18%,18,41,1,0,0,60
United States Senator,0968,119,30,149,692,21.53%,27,113,2,1,0,143
United States Senator,0969,156,73,229,604,37.91%,4,215,2,1,0,222
United States Senator,0970,83,36,119,731,16.28%,18,90,2,2,0,112
United States Senator,0971,11,8,19,147,12.93%,2,13,1,0,0,15
United States Senator,0972,e,8,14,31,45.16%,13,1,0,0,0,14
United States Senator,0973,24,19,43,111,38.74%,19,19,1,1,0,40
United States Senator,0974,57,36,93,299,31.10%,62,26,2,2,0,92
United States Senator,0975,55,30,85,193,44.04%,39,40,5,0,0,84
United States Senator,0976,58,62,130,683,19.03%,79,42,4,1,0,125
United States Senator,0977,50,43,93,572,16.26%,42,47,2,1,0,92
United States Senator,0978,77,79,156,546,28.57%,30,113,3,5,0,151
United States Senator,0979,2,6,8,27,29.63%,5,2,1,0,0,8
United States Senator,0980,280,321,601,1389,43.27%,461,119,5,2,0,587
United States Senator,0981,0,0,0,0,0.00%,0,0,0,0,0,0
United States Senator,0982,312,312,624,1567,39.82%,496,91,19,2,0,508
United States Senator,0983,12,21,33,161,20.50%,19,9,4,0,0,32
United States Senator,0984,18,9,27,192,14.06%,6,20,0,0,0,25
United States Senator,0985,117,63,180,351,51.28%,102,67,5,0,0,174
United States Senator,0986,43,30,73,463,15.77%,10,59,1,0,0,70
United States Senator,0987,231,90,321,1155,27.79%,31,276,5,2,0,314
United States Senator,0988,24,12,36,123,29.27%,32,2,1,0,0,35
United States Senator,0989,e,6,12,43,27.91%,7,4,1,0,0,12
United States Senator,0990,16,1,17,140,12.14%,8,7,0,0,0,15
Office,Precinct,Early Ballots Cast,Election Ballots Cast,Total Ballots Cast,Registered Voters,Percent Turnout,REP John Cornyn,DEM David M. Alameel,LIB Rebecca Paddock,"GRN Emily ""Spicybrown"" Sanchez",Mohammed Tahiro,Totals
United States Senator,0991,0,0,0,1,0.00%,0,0,0,0,0,0
United States Senator,0992,157,107,264,1048,25.19%,141,92,16,4,0,253
United States Senator,0993,169,101,270,568,47.54%,219,33,12,0,0,254
United States Senator,0994,e,5,11,25,44.00%,2,9,0,0,0,11
United States Senator,0995,296,156,452,1393,32.45%,25,408,5,1,0,439
United States Senator,0996,136,140,276,694,39.77%,159,93,10,4,0,266
United States Senator,0997,101,163,264,1656,15.94%,60,189,8,1,0,25s
United States Senator,0998,5,1,6,57,10.53%,3,3,0,0,0,e
United States Senator,0999,17,10,27,68,39.71%,22,3,1,0,0,25
United States Senator,1000,42,6,48,405,11.85%,11,33,0,2,0,46
United States Senator,1001,228,136,364,1565,23.26%,96,230,9,8,0,343
United States Senator,1002,170,139,309,1744,17.72%,58,212,16,5,0,291
United States Senator,1003,1,0,1,0,0.00%,1,0,0,0,0,1
United States Senator,1004,111,139,250,654,38.23%,124,101,15,5,0,245
United States Senator,1005,0,8,8,0,0.00%,4,3,0,0,0,7
United States Senator,1006,1,0,1,5,20.00%,1,0,0,0,0,1
United States Senator,1007,208,188,396,1547,25.60%,94,270,14,4,0,382
United States Senator,1008,32,12,44,151,29.14%,34,9,1,0,0,44
United States Senator,1009,0,0,0,9,0.00%,0,0,0,0,0,0
United States Senator,1010,59,35,94,459,20.48%,17,75,1,0,0,93
United States Senator,1011,8,1,9,26,34.62%,5,3,0,0,0,8
United States Senator,1012,134,201,335,1365,24.54%,108,209,0,3,0,320
United States Senator,1013,0,6,6,58,10.34%,4,2,0,0,0,e
United States Senator,1014,4,6,10,31,32.26%,1,6,1,0,0,8
United States Senator,1015,5,4,9,25,36.00%,4,5,0,0,0,9
United States Senator,1016,252,212,464,1691,27.44%,222,201,10,7,0,440
United States Senator,1017,61,44,105,330,31.82%,33,64,3,0,0,100
United States Senator,1018,93,64,157,494,31.78%,68,80,4,1,0,153
United States Senator,1019,130,107,237,1456,16.28%,9,215,4,3,0,231
United States Senator,1020,0,0,0,1,0.00%,0,0,0,0,0,0
United States Senator,1021,0,0,0,2,0.00%,0,0,0,0,0,0
United States Senator,1022,97,79,176,441,39.91%,136,26,8,0,0,170
United States Senator,1023,431,315,746,2026,36.82%,519,176,18,7,0,720
Office,Precinct,Early Ballots Cast,Election Ballots Cast,Total Ballots Cast,Registered Voters,Percent Turnout,REP John Cornyn,DEM David M. Alameel,LIB Rebecca Paddock,"GRN Emily ""Spicybrown"" Sanchez",Mohammed Tahiro,Totals
United States Senator,1024,55,61,116,249,46.59%,63,44,5,0,0,112
United States Senator,1025,0,1,1,14,7.14%,1,0,0,0,0,1
United States Senator,1026,0,0,0,0,0.00%,0,0,0,0,0,0
United States Senator,1027,1,0,1,8,12.50%,1,0,0,0,0,1
United States Senator,1028,0,0,0,0,0.00%,0,0,0,0,0,0
United States Senator,1029,538,719,1257,2927,42.94%,1008,202,25,6,0,1241
United States Senator,1030,231,151,382,785,48.66%,331,38,4,1,0,374
United States Senator,1031,59,71,130,792,16.41%,31,78,4,3,0,115
United States Senator,1032,31,25,56,244,22.95%,35,17,0,0,0,52
United States Senator,1033,0,0,0,0,0.00%,0,0,0,0,0,0
United States Senator,1034,0,0,0,0,0.00%,0,0,0,0,0,0
United States Senator,1035,2,4,6,138,4.35%,2,4,0,0,0,5
United States Senator,1036,65,24,89,449,19.82%,69,13,3,0,0,85
United States Senator,1037,19,11,30,76,39.47%,19,9,1,0,0,29
United States Senator,1038,52,6,68,327,20.80%,10,56,0,0,0,66
United States Senator,1039,2,0,2,25,8.00%,0,2,0,0,0,2
United States Senator,1040,91,66,157,771,20.36%,72,73,5,2,0,152
United States Senator,1041,0,2,2,0,0.00%,1,1,0,0,0,2
United States Senator,1042,105,67,172,521,33.01%,52,108,4,4,0,168
United States Senator,1043,5,6,12,33,36.36%,5,7,0,0,0,12
United States Senator,1044,16,6,22,55,40.00%,6,15,1,0,0,22
United States Senator,1045,197,173,370,1788,20.69%,53,292,6,4,0,355
United States Senator,1046,11,5,16,62,25.81%,3,13,0,0,0,15
United States Senator,1047,255,186,441,1568,28.13%,157,256,18,3,0,434
United States Senator,1048,1,0,1,17,5.88%,0,0,0,0,0,0
United States Senator,1049,14,45,59,290,20.34%,17,34,1,3,0,55
United States Senator,1050,60,63,123,537,22.91%,35,80,2,2,0,119
United States Senator,1051,0,31,31,0,0.00%,16,9,3,2,0,30
United States Senator,1052,0,0,0,0,0.00%,0,0,0,0,0,0
United States Senator,1053,0,0,0,0,0.00%,0,0,0,0,0,0
United States Senator,1054,0,0,0,1,0.00%,0,0,0,0,0,0
United States Senator,1055,0,0,0,0,0.00%,0,0,0,0,0,0
United States Senator,1056,4,2,6,8,75.00%,0,4,0,0,0,4
Office,Precinct,Early Ballots Cast,Election Ballots Cast,Total Ballots Cast,Registered Voters,Percent Turnout,REP John Cornyn,DEM David M. Alameel,LIB Rebecca Paddock,"GRN Emily ""Spicybrown"" Sanchez",Mohammed Tahiro,Totals
United States Senator,1057,7,9,16,118,13.56%,3,12,0,0,0,15
United States Senator,1058,241,285,526,1243,42.32%,113,387,6,7,0,513
United States Senator,1059,3,3,6,28,21.43%,1,4,0,1,0,6
United States Senator,1060,5,2,7,42,16.67%,5,2,0,0,0,7
United States Senator,1061,332,184,516,1716,30.07%,267,212,22,6,0,507
United States Senator,1062,17,6,23,201,11.44%,5,17,0,0,0,22
United States Senator,1063,66,59,125,857,14.59%,21,97,3,3,0,124
United States Senator,1064,25,11,36,119,30.25%,26,6,1,0,0,33
United States Senator,1065,1,0,1,28,3.57%,0,1,0,0,0,1
United States Senator,1066,72,0,72,229,31.44%,4,61,2,0,0,67
United States Senator,1067,0,0,0,0,0.00%,0,0,0,0,0,0
United States Senator,1068,22,8,30,121,24.79%,11,15,1,0,0,27
United States Senator,1069,434,256,690,2580,26.74%,321,316,15,8,0,660
United States Senator,Totals:,379282,308736,688018,2044361,,362887,281407,16136,8012,20,668462
