Office,Precinct,Early Ballots Cast,Election Ballots Cast,Total Ballots Cast,Registered Voters,Percent Turnout,REP Donna Bahorich,DEM Traci Jensen,LIB Gene Clark,GRN G C Molison,Totals
"Member, State Board of Education, District 6",0001,806,516,1322,2155,61.35%,400,760,55,32,1247
"Member, State Board of Education, District 6",0002,753,407,1160,1890,61.38%,500,516,59,20,1095
"Member, State Board of Education, District 6",0003,660,474,1134,1519,74.65%,390,580,71,22,1063
"Member, State Board of Education, District 6",0004,676,534,1210,1652,73.24%,395,665,63,22,1145
"Member, State Board of Education, District 6",0005,472,518,990,1376,71.95%,349,514,40,22,925
"Member, State Board of Education, District 6",0008,661,430,1091,1706,63.95%,493,474,50,15,1032
"Member, State Board of Education, District 6",0014,758,606,1364,1848,73.81%,664,573,30,22,1289
"Member, State Board of Education, District 6",0015,1144,1016,2160,2806,76.98%,1139,785,58,22,2004
"Member, State Board of Education, District 6",0018,550,483,1033,1396,74.00%,449,479,35,15,978
"Member, State Board of Education, District 6",0032,796,556,1352,2171,62.28%,578,582,91,16,1267
"Member, State Board of Education, District 6",0033,1479,843,2322,3540,65.59%,818,1195,113,48,2174
"Member, State Board of Education, District 6",0034,1012,749,1761,2676,65.81%,424,1116,93,47,1680
"Member, State Board of Education, District 6",0037,801,479,1280,1885,67.90%,380,744,49,30,1203
"Member, State Board of Education, District 6",0038,1241,673,1914,2703,70.81%,614,1040,76,47,1777
"Member, State Board of Education, District 6",0039,1063,723,1786,2726,65.52%,440,1137,63,41,1681
"Member, State Board of Education, District 6",0040,239,135,374,524,71.37%,161,166,14,3,344
"Member, State Board of Education, District 6",0043,520,372,892,1644,54.26%,392,395,33,17,837
"Member, State Board of Education, District 6",0044,492,314,806,1976,40.79%,140,559,26,19,744
"Member, State Board of Education, District 6",0046,538,433,971,2468,39.34%,144,740,20,17,921
"Member, State Board of Education, District 6",0050,1901,1110,3011,4762,63.23%,1451,1360,76,24,2911
"Member, State Board of Education, District 6",0052,970,620,1590,2299,69.16%,729,668,77,19,1493
"Member, State Board of Education, District 6",0053,1102,884,1986,2808,70.73%,762,960,95,39,1856
"Member, State Board of Education, District 6",0054,606,402,1008,1408,71.59%,460,425,49,9,943
"Member, State Board of Education, District 6",0055,441,394,835,1305,63.98%,298,418,46,13,775
"Member, State Board of Education, District 6",0056,548,307,855,1285,66.54%,498,266,38,7,809
"Member, State Board of Education, District 6",0057,1273,956,2229,3062,72.80%,824,1144,90,48,2106
"Member, State Board of Education, District 6",0058,881,747,1628,2521,64.58%,618,814,66,29,1527
"Member, State Board of Education, District 6",0059,914,751,1665,2283,72.93%,601,855,56,40,1552
"Member, State Board of Education, District 6",0060,839,664,1503,2263,66.42%,386,922,64,41,1413
"Member, State Board of Education, District 6",0070,1633,726,2359,3142,75.08%,1293,826,68,21,2208
"Member, State Board of Education, District 6",0071,1419,948,2367,3662,64.64%,1095,995,121,21,2232
"Member, State Board of Education, District 6",0074,2212,530,2742,3632,75.50%,1988,518,58,20,2584
"Member, State Board of Education, District 6",0075,481,370,851,1329,64.03%,298,447,30,18,793
"Member, State Board of Education, District 6",0082,1353,816,2169,3284,66.05%,1525,487,55,22,2089
Office,Precinct,Early Ballots Cast,Election Ballots Cast,Total Ballots Cast,Registered Voters,Percent Turnout,REP Donna Bahorich,DEM Traci Jensen,LIB Gene Clark,GRN G C Molison,Totals
"Member, State Board of Education, District 6",0086,1054,689,1743,2637,66.10%,720,827,68,15,1630
"Member, State Board of Education, District 6",0087,1222,851,2083,2749,75.77%,1173,674,55,14,1916
"Member, State Board of Education, District 6",0089,342,454,796,1104,72.10%,392,304,28,8,732
"Member, State Board of Education, District 6",0095,1684,671,2355,3179,74.08%,1485,662,70,15,2232
"Member, State Board of Education, District 6",0096,364,237,601,1241,48.43%,50,519,8,3,580
"Member, State Board of Education, District 6",0111,1868,848,2716,3638,74.66%,1888,594,72,28,2582
"Member, State Board of Education, District 6",0112,1262,668,1930,2894,66.69%,1266,505,77,16,1864
"Member, State Board of Education, District 6",0113,1125,590,1715,2537,67.60%,910,685,42,14,1651
"Member, State Board of Education, District 6",0114,1454,546,2000,2650,75.47%,1494,383,49,13,1939
"Member, State Board of Education, District 6",0116,1626,747,2373,3014,78.73%,1710,502,44,6,2262
"Member, State Board of Education, District 6",0117,398,462,860,1878,45.79%,330,452,20,15,817
"Member, State Board of Education, District 6",0118,460,148,608,743,81.83%,459,111,12,1,583
"Member, State Board of Education, District 6",0120,1197,632,1829,2986,61.25%,1033,643,40,13,1729
"Member, State Board of Education, District 6",0123,440,350,790,1356,58.26%,200,494,28,22,744
"Member, State Board of Education, District 6",0124,3522,1281,4803,5952,80.70%,3637,867,95,30,4629
"Member, State Board of Education, District 6",0125,896,534,1430,2281,62.69%,776,547,52,11,1386
"Member, State Board of Education, District 6",0126,1630,407,2037,2799,72.78%,1676,231,45,10,1962
"Member, State Board of Education, District 6",0127,854,182,1036,1703,60.83%,678,280,26,9,993
"Member, State Board of Education, District 6",0128,936,736,1672,2257,74.08%,936,535,31,18,1520
"Member, State Board of Education, District 6",0129,2294,1449,3743,5495,68.12%,2129,1259,103,48,3539
"Member, State Board of Education, District 6",0130,1201,523,1724,2240,76.96%,1201,392,29,14,1636
"Member, State Board of Education, District 6",0133,1083,940,2023,2605,77.66%,1075,696,73,27,1871
"Member, State Board of Education, District 6",0135,1424,634,2058,2750,74.84%,1185,647,62,18,1912
"Member, State Board of Education, District 6",0137,305,193,498,740,67.30%,216,218,14,10,458
"Member, State Board of Education, District 6",0139,1290,747,2037,2746,74.18%,882,883,84,31,1880
"Member, State Board of Education, District 6",0148,908,924,1832,2467,74.26%,663,971,41,29,1704
"Member, State Board of Education, District 6",0155,1957,834,2791,4087,68.29%,1782,829,46,16,2673
"Member, State Board of Education, District 6",0165,918,557,1475,2284,64.58%,871,475,40,18,1404
"Member, State Board of Education, District 6",0166,281,311,592,1016,58.27%,173,345,28,18,564
"Member, State Board of Education, District 6",0173,1798,619,2417,3105,77.84%,1766,489,59,15,2329
"Member, State Board of Education, District 6",0175,1064,867,1931,2506,77.06%,876,840,53,28,1797
"Member, State Board of Education, District 6",0176,525,530,1156,1581,73.12%,530,489,33,13,1065
"Member, State Board of Education, District 6",0177,672,385,1057,1478,71.52%,582,367,45,6,1000
"Member, State Board of Education, District 6",0178,913,368,1281,1718,74.56%,784,363,34,8,1189
Office,Precinct,Early Ballots Cast,Election Ballots Cast,Total Ballots Cast,Registered Voters,Percent Turnout,REP Donna Bahorich,DEM Traci Jensen,LIB Gene Clark,GRN G C Molison,Totals
"Member, State Board of Education, District 6",0179,449,321,770,1508,51.06%,319,367,32,11,729
"Member, State Board of Education, District 6",0182,1321,1081,2402,3289,73.03%,1302,828,55,22,2207
"Member, State Board of Education, District 6",0183,970,943,1913,2451,78.05%,1171,548,43,13,1775
"Member, State Board of Education, District 6",0200,1638,585,2223,3222,68.99%,933,1039,75,29,2076
"Member, State Board of Education, District 6",0204,1489,914,2403,3462,69.41%,1260,901,69,21,2251
"Member, State Board of Education, District 6",0206,651,659,1310,2662,49.21%,350,812,51,29,1242
"Member, State Board of Education, District 6",0209,0,4,4,0,0.00%,4,0,0,0,4
"Member, State Board of Education, District 6",0213,1503,939,2542,3308,76.84%,1824,514,41,11,2390
"Member, State Board of Education, District 6",0214,798,544,1342,1795,74.76%,758,417,50,16,1241
"Member, State Board of Education, District 6",0215,844,786,1630,2168,75.18%,869,584,55,19,1527
"Member, State Board of Education, District 6",0217,1396,651,2047,2637,77.63%,1190,626,53,17,1886
"Member, State Board of Education, District 6",0222,1000,792,1792,2384,75.17%,709,872,41,20,1642
"Member, State Board of Education, District 6",0224,894,649,1543,2259,68.30%,640,732,38,21,1431
"Member, State Board of Education, District 6",0225,1109,720,1829,3155,57.97%,731,978,34,12,1755
"Member, State Board of Education, District 6",0227,947,451,1398,1767,79.12%,950,297,39,9,1295
"Member, State Board of Education, District 6",0232,685,546,1231,1696,72.58%,612,495,25,4,1136
"Member, State Board of Education, District 6",0233,1826,1063,2889,4132,69.92%,1322,1229,111,42,2704
"Member, State Board of Education, District 6",0234,2088,885,2973,3854,77.14%,2111,602,51,12,2776
"Member, State Board of Education, District 6",0244,1100,656,1756,2912,60.30%,853,783,45,13,1694
"Member, State Board of Education, District 6",0245,2340,1115,3455,5240,65.94%,2187,1028,95,33,3343
"Member, State Board of Education, District 6",0246,1584,524,2208,2999,73.62%,1417,644,50,11,2122
"Member, State Board of Education, District 6",0256,1059,766,1825,3226,56.57%,655,975,43,28,1701
"Member, State Board of Education, District 6",0258,1577,888,2465,3286,75.02%,1631,614,49,22,2316
"Member, State Board of Education, District 6",0260,420,290,710,1187,59.81%,357,303,15,5,680
"Member, State Board of Education, District 6",0262,1470,906,2376,4232,56.14%,1238,880,88,23,2229
"Member, State Board of Education, District 6",0263,1785,719,2504,3319,75.44%,1763,561,67,15,2406
"Member, State Board of Education, District 6",0264,935,539,1575,2939,53.59%,773,646,42,15,1476
"Member, State Board of Education, District 6",0265,1936,674,2610,3617,72.16%,1760,625,57,8,2450
"Member, State Board of Education, District 6",0268,931,810,1741,2387,72.94%,939,592,46,19,1596
"Member, State Board of Education, District 6",0269,1143,444,1587,1981,80.11%,1159,281,28,5,1473
"Member, State Board of Education, District 6",0272,610,484,1094,2112,51.80%,373,616,40,12,1041
"Member, State Board of Education, District 6",0273,1139,634,1773,2426,73.08%,1328,317,41,6,1692
"Member, State Board of Education, District 6",0274,1049,364,1413,2063,68.49%,854,421,48,19,1342
"Member, State Board of Education, District 6",0281,1087,903,1990,2610,76.25%,866,876,45,21,1808
Office,Precinct,Early Ballots Cast,Election Ballots Cast,Total Ballots Cast,Registered Voters,Percent Turnout,REP Donna Bahorich,DEM Traci Jensen,LIB Gene Clark,GRN G C Molison,Totals
"Member, State Board of Education, District 6",0282,690,591,1281,1988,64.44%,675,498,51,11,1235
"Member, State Board of Education, District 6",0283,0,0,0,0,0.00%,0,0,0,0,0
"Member, State Board of Education, District 6",0284,1135,595,1730,3262,53.03%,591,1007,28,21,1647
"Member, State Board of Education, District 6",0296,602,432,1034,1693,61.08%,555,363,25,12,955
"Member, State Board of Education, District 6",0297,576,445,1021,1978,51,62%,353,576,22,8,959
"Member, State Board of Education, District 6",0298,847,475,1322,2083,63.47%,656,514,60,27,1257
"Member, State Board of Education, District 6",0299,328,213,541,1231,43.95%,156,333,12,5,506
"Member, State Board of Education, District 6",0300,3013,922,3935,5040,78.08%,2852,772,107,18,3749
"Member, State Board of Education, District 6",0303,1772,755,2527,3172,79.67%,1895,443,35,15,2388
"Member, State Board of Education, District 6",0304,970,648,1618,2266,71.40%,823,616,43,21,1503
"Member, State Board of Education, District 6",0309,1385,612,1997,2529,78.96%,1455,412,28,9,1904
"Member, State Board of Education, District 6",0310,617,348,965,1437,67.15%,597,283,21,6,907
"Member, State Board of Education, District 6",0311,862,699,1561,2997,52.09%,631,733,39,18,1421
"Member, State Board of Education, District 6",0312,1600,718,2318,3669,63.18%,1175,935,55,29,2194
"Member, State Board of Education, District 6",0314,2494,1221,3715,5225,71.10%,2116,1355,78,30,3579
"Member, State Board of Education, District 6",0315,711,479,1190,1618,73.55%,634,433,31,12,1110
"Member, State Board of Education, District 6",0316,682,411,1093,1522,71.81%,534,445,29,18,1026
"Member, State Board of Education, District 6",0317,551,336,887,1469,60.38%,238,589,18,10,855
"Member, State Board of Education, District 6",0330,590,376,966,1849,52.24%,415,446,36,12,909
"Member, State Board of Education, District 6",0332,23,4,27,128,21.09%,8,14,2,1,25
"Member, State Board of Education, District 6",0335,285,246,531,1227,43.28%,144,321,16,2,483
"Member, State Board of Education, District 6",0338,1540,824,2364,4673,50.59%,618,1553,32,17,2220
"Member, State Board of Education, District 6",0345,428,357,785,1708,45.96%,145,569,26,7,747
"Member, State Board of Education, District 6",0350,1112,780,1892,2906,65.11%,687,988,65,24,1764
"Member, State Board of Education, District 6",0356,1382,618,2000,2836,70.52%,1070,737,70,17,1894
"Member, State Board of Education, District 6",0360,969,515,1484,2190,67.76%,722,578,51,13,1364
"Member, State Board of Education, District 6",0361,135,691,826,1585,52.11%,127,565,29,15,736
"Member, State Board of Education, District 6",0362,2131,1200,3331,4952,67.27%,2264,814,87,26,3191
"Member, State Board of Education, District 6",0364,912,602,1514,2539,59.63%,708,670,47,17,1442
"Member, State Board of Education, District 6",0370,3143,1178,4321,5781,74.74%,3099,935,100,24,4158
"Member, State Board of Education, District 6",0383,599,493,1092,2076,52.60%,322,695,25,5,1047
"Member, State Board of Education, District 6",0385,1099,621,1720,2175,79.08%,1146,428,27,11,1612
"Member, State Board of Education, District 6",0395,830,491,1321,1820,72.58%,838,346,46,18,1248
"Member, State Board of Education, District 6",0398,1438,840,2278,3816,59.70%,1046,1075,54,20,2195
Office,Precinct,Early Ballots Cast,Election Ballots Cast,Total Ballots Cast,Registered Voters,Percent Turnout,REP Donna Bahorich,DEM Traci Jensen,LIB Gene Clark,GRN G C Molison,Totals
"Member, State Board of Education, District 6",0400,1048,506,1554,2238,69.44%,1046,394,28,18,1486
"Member, State Board of Education, District 6",0403,791,527,1318,1703,77.39%,652,504,27,14,1197
"Member, State Board of Education, District 6",0407,1317,1000,2317,3652,63.44%,1351,740,67,24,2182
"Member, State Board of Education, District 6",0421,124,92,216,467,46.25%,44,158,2,2,206
"Member, State Board of Education, District 6",0424,435,157,592,888,66.67%,312,238,21,5,576
"Member, State Board of Education, District 6",0425,227,234,461,875,52.69%,134,286,13,3,436
"Member, State Board of Education, District 6",0426,415,283,698,1224,57.03%,355,271,19,5,650
"Member, State Board of Education, District 6",0427,325,249,574,1115,51.48%,189,332,17,3,541
"Member, State Board of Education, District 6",0428,1284,907,2191,4316,50.76%,610,1401,26,22,2059
"Member, State Board of Education, District 6",0430,403,335,738,1654,44.62%,134,523,20,8,685
"Member, State Board of Education, District 6",0431,819,403,1222,3188,38.33%,281,824,33,13,1151
"Member, State Board of Education, District 6",0432,311,271,582,1344,43.30%,143,382,23,9,557
"Member, State Board of Education, District 6",0433,139,106,245,573,42.76%,40,186,6,4,236
"Member, State Board of Education, District 6",0434,628,371,999,1386,72.08%,567,326,40,6,939
"Member, State Board of Education, District 6",0435,1534,758,2302,3097,74.33%,1385,684,66,25,2160
"Member, State Board of Education, District 6",0436,1334,709,2043,3012,67.83%,1125,726,53,17,1921
"Member, State Board of Education, District 6",0437,951,542,1493,2007,74.39%,952,406,46,13,1417
"Member, State Board of Education, District 6",0438,1046,387,1433,1802,79.52%,990,314,21,8,1333
"Member, State Board of Education, District 6",0439,1526,905,2431,3416,71.17%,1580,624,59,21,2284
"Member, State Board of Education, District 6",0440,1326,876,2202,2867,76.81%,1611,406,38,9,2064
"Member, State Board of Education, District 6",0441,598,513,1211,1616,74.94%,817,285,32,7,1141
"Member, State Board of Education, District 6",0442,1366,513,1879,2504,75.04%,1446,291,43,23,1803
"Member, State Board of Education, District 6",0443,335,148,483,605,79.83%,314,111,25,3,453
"Member, State Board of Education, District 6",0444,1258,731,1989,3172,62.70%,1096,693,61,23,1873
"Member, State Board of Education, District 6",0445,860,443,1303,1938,67.23%,748,442,31,9,1230
"Member, State Board of Education, District 6",0446,70,52,122,268,45.52%,42,70,2,1,115
"Member, State Board of Education, District 6",0447,271,108,379,583,65.01%,109,229,13,4,355
"Member, State Board of Education, District 6",0451,1575,515,2090,2674,78.16%,1605,338,42,11,1996
"Member, State Board of Education, District 6",0452,1109,639,1748,2810,62.21%,1233,401,49,13,1696
"Member, State Board of Education, District 6",0461,1958,828,2786,3733,74.63%,1679,816,70,18,2583
"Member, State Board of Education, District 6",0463,1124,656,1780,2962,60.09%,644,998,57,14,1713
"Member, State Board of Education, District 6",0464,786,612,1398,2126,65.76%,890,389,45,18,1342
"Member, State Board of Education, District 6",0465,1465,702,2167,3343,64.82%,1057,977,56,27,2117
"Member, State Board of Education, District 6",0466,2052,729,2781,4072,68.30%,1455,1163,52,18,2688
Office,Precinct,Early Ballots Cast,Election Ballots Cast,Total Ballots Cast,Registered Voters,Percent Turnout,REP Donna Bahorich,DEM Traci Jensen,LIB Gene Clark,GRN G C Molison,Totals
"Member, State Board of Education, District 6",0472,370,337,707,1027,88.84%,279,337,17,11,844
"Member, State Board of Education, District 6",0477,1441,742,2183,3195,88.33%,1531,497,85,12,2105
"Member, State Board of Education, District 6",0478,1959,898,2857,4150,88.84%,1741,881,91,21,2734
"Member, State Board of Education, District 6",0479,1298,588,1888,2848,71.22%,1273,483,84,18,1818
"Member, State Board of Education, District 6",0480,938,555,1491,2287,85.77%,983,398,38,17,1414
"Member, State Board of Education, District 6",0481,1483,852,2315,3298,70.19%,1598,525,89,28,2218
"Member, State Board of Education, District 6",0482,1983,838,2799,4129,87.79%,1812,799,70,25,2708
"Member, State Board of Education, District 6",0483,1888,759,2827,4141,83.44%,1282,1118,89,29,2518
"Member, State Board of Education, District 6",0484,2238,1008,3244,4594,70.81%,2148,851,98,25,3120
"Member, State Board of Education, District 6",0485,2421,990,3411,4838,70.50%,2379,798,104,27,3308
"Member, State Board of Education, District 6",0488,1843,805,2848,3572,74.13%,1928,525,85,17,2553
"Member, State Board of Education, District 6",0487,1005,812,1817,3318,48.73%,437,1014,31,9,1491
"Member, State Board of Education, District 6",0488,580,440,1020,1713,59.54%,320,822,14,5,981
"Member, State Board of Education, District 6",0491,887,489,1158,1782,84.87%,800,428,41,19,1088
"Member, State Board of Education, District 6",0492,1089,504,1573,2351,88.91%,748,873,40,14,1473
"Member, State Board of Education, District 6",0493,858,400,1258,1804,89.73%,738,392,40,13,1183
"Member, State Board of Education, District 6",0495,1120,494,1814,2284,70.87%,1050,435,33,15,1533
"Member, State Board of Education, District 6",0498,498,571,1087,2088,51.15%,370,801,24,14,1009
"Member, State Board of Education, District 6",0498,759,499,1258,2123,59.28%,478,878,30,19,1203
"Member, State Board of Education, District 6",0499,1301,517,1818,2304,78.91%,1224,430,40,18,1712
"Member, State Board of Education, District 6",0500,1507,745,2253,3175,70.98%,1447,849,57,21,2174
"Member, State Board of Education, District 6",0501,853,487,1140,1847,89.22%,370,815,58,18,1081
"Member, State Board of Education, District 6",0503,359,273,832,1383,48.37%,180,381,21,8,588
"Member, State Board of Education, District 6",0504,1129,538,1887,2197,75.88%,1015,508,47,15,1585
"Member, State Board of Education, District 6",0507,582,385,987,2435,39.71%,137,875,18,8,838
"Member, State Board of Education, District 6",0508,948,780,1708,3248,52.52%,509,1022,41,12,1584
"Member, State Board of Education, District 6",0509,1340,854,2204,3538,82.33%,1450,585,83,19,2117
"Member, State Board of Education, District 6",0510,1492,882,2174,3511,81.92%,903,1081,83,27,2074
"Member, State Board of Education, District 6",0512,1558,1127,2885,4582,58.80%,1123,1352,80,28,2581
"Member, State Board of Education, District 6",0513,1805,507,2112,2752,78.74%,1478,471,54,12,2015
"Member, State Board of Education, District 6",0514,1988,880,2828,3941,71.71%,1948,888,90,19,2721
"Member, State Board of Education, District 6",0515,1892,708,2400,3173,75.84%,1835,389,55,18,2295
"Member, State Board of Education, District 6",0518,2179,1088,3245,4934,85.77%,1472,1505,83,33,3093
"Member, State Board of Education, District 6",0517,1208,553,1881,3320,58.05%,897,801,82,22,1782
Office,Precinct,Early Ballots Cast,Election Ballots Cast,Total Ballots Cast,Registered Voters,Percent Turnout,REP Donna Bahorich,DEM Traci Jensen,LIB Gene Clark,GRN G C Molison,Totals
"Member, State Board of Education, District 6",0518,1478,919,2397,3755,83.83%,1388,808,83,24,2281
"Member, State Board of Education, District 6",0519,1234,545,1879,2951,83.87%,1285,485,54,28,1810
"Member, State Board of Education, District 6",0522,1171,858,1829,2882,88.20%,1287,427,55,14,1783
"Member, State Board of Education, District 6",0523,1338,889,2027,3080,88.24%,1234,575,71,28,1908
"Member, State Board of Education, District 6",0524,1237,875,1912,3292,58.08%,518,1280,39,19,1834
"Member, State Board of Education, District 6",0529,1987,441,2428,3818,87.15%,1923,349,80,19,2351
"Member, State Board of Education, District 6",0539,28,209,235,71,330.99%,37,188,7,7,217
"Member, State Board of Education, District 6",0548,4,4,8,30,28.87%,2,8,0,0,8
"Member, State Board of Education, District 6",0547,877,847,1524,2408,83.29%,972,427,52,12,1483
"Member, State Board of Education, District 6",0548,720,478,1198,2129,58.18%,514,805,22,10,1151
"Member, State Board of Education, District 6",0551,3088,1527,4815,8135,75.22%,3157,1142,108,27,4434
"Member, State Board of Education, District 6",0552,1821,844,2485,3241,78.08%,1924,389,54,13,2380
"Member, State Board of Education, District 6",0553,1485,951,2418,4355,55.48%,981,1284,87,15,2327
"Member, State Board of Education, District 6",0557,822,558,1378,2728,50.55%,407,832,24,11,1274
"Member, State Board of Education, District 6",0558,1588,824,2412,4084,59.08%,895,1517,80,35,2307
"Member, State Board of Education, District 6",0559,1787,899,2888,4833,57.98%,588,1899,78,27,2572
"Member, State Board of Education, District 6",0585,315,194,509,1373,37.07%,88,382,5,8,481
"Member, State Board of Education, District 6",0588,1122,478,1800,2950,54.24%,383,1098,45,19,1545
"Member, State Board of Education, District 6",0587,872,394,1088,2198,48.50%,252,885,20,14,971
"Member, State Board of Education, District 6",0589,1294,885,2159,3249,88.45%,1083,884,71,18,2018
"Member, State Board of Education, District 6",0570,525,409,934,1473,83.41%,382,448,40,15,885
"Member, State Board of Education, District 6",0572,1283,574,1857,2998,81.94%,803,910,51,18,1780
"Member, State Board of Education, District 6",0575,27,9,38,79,45.57%,32,3,0,0,35
"Member, State Board of Education, District 6",0577,231,113,344,573,80.03%,175,134,9,4,322
"Member, State Board of Education, District 6",0592,370,288,858,1258,52.31%,141,478,8,5,832
"Member, State Board of Education, District 6",0593,1148,999,2147,4059,52.89%,894,1082,47,25,2048
"Member, State Board of Education, District 6",0597,1087,719,1788,3287,54.87%,582,1118,19,7,1724
"Member, State Board of Education, District 6",0800,1383,889,2252,3820,58.95%,730,1382,42,23,2157
"Member, State Board of Education, District 6",0801,2028,858,2888,3990,72.33%,2032,875,75,15,2797
"Member, State Board of Education, District 6",0802,582,298,858,1237,89.38%,587,235,21,10,833
"Member, State Board of Education, District 6",0809,1384,844,2208,3281,87.71%,1282,739,57,20,2098
"Member, State Board of Education, District 6",0810,403,398,801,1825,43.89%,318,410,21,7,754
"Member, State Board of Education, District 6",0814,1831,812,2443,3932,82.13%,783,1522,48,20,2353
"Member, State Board of Education, District 6",0815,931,404,1335,1928,89.31%,732,502,38,18,1288
Office,Precinct,Early Ballots Cast,Election Ballots Cast,Total Ballots Cast,Registered Voters,Percent Turnout,REP Donna Bahorich,DEM Traci Jensen,LIB Gene Clark,GRN G C Molison,Totals
"Member, State Board of Education, District 6",0616,1352,970,2322,3378,68.74%,1486,650,61,24,2221
"Member, State Board of Education, District 6",0619,2133,857,2990,4266,70.09%,2078,685,90,21,2874
"Member, State Board of Education, District 6",0620,2382,856,3238,5271,61.43%,1441,1551,49,26,3067
"Member, State Board of Education, District 6",0621,397,203,600,1173,51.15%,271,275,18,7,571
"Member, State Board of Education, District 6",0622,1722,829,2551,4305,59.26%,1389,969,67,23,2448
"Member, State Board of Education, District 6",0623,1708,626,2334,3481,67.05%,1389,745,57,16,2207
"Member, State Board of Education, District 6",0624,9,0,9,16,56.25%,5,4,0,0,9
"Member, State Board of Education, District 6",0625,852,454,1316,1796,73.27%,680,490,40,16,1226
"Member, State Board of Education, District 6",0626,1148,655,1803,2838,63.53%,814,831,48,13,1706
"Member, State Board of Education, District 6",0628,292,456,748,1600,46.75%,291,398,15,8,712
"Member, State Board of Education, District 6",0631,1489,392,1881,2733,68.83%,1255,479,55,18,1807
"Member, State Board of Education, District 6",0633,1782,678,2460,3257,75.53%,1682,603,54,27,2366
"Member, State Board of Education, District 6",0640,1382,723,2105,3548,59.33%,1111,828,67,21,2027
"Member, State Board of Education, District 6",0641,1265,878,2143,3375,63.50%,1222,762,74,14,2072
"Member, State Board of Education, District 6",0642,871,447,1318,1779,74.09%,1023,208,18,9,1258
"Member, State Board of Education, District 6",0643,2157,994,3151,5310,59.34%,1102,1822,69,28,3021
"Member, State Board of Education, District 6",0644,2123,1204,3327,5261,63.24%,1946,1111,102,34,3193
"Member, State Board of Education, District 6",0645,1639,895,2534,4035,62.80%,1069,1245,72,22,2408
"Member, State Board of Education, District 6",0646,708,456,1164,2163,53.81%,316,762,21,11,1110
"Member, State Board of Education, District 6",0647,1770,1020,2790,5593,49.88%,659,1875,32,22,2588
"Member, State Board of Education, District 6",0648,1590,558,2258,3197,70.63%,1509,607,50,16,2182
"Member, State Board of Education, District 6",0650,1328,939,2267,3151,71.95%,1562,561,46,11,2180
"Member, State Board of Education, District 6",0651,2085,1070,3155,4931,63.98%,1842,1094,77,21,3034
"Member, State Board of Education, District 6",0653,0,8,8,0,0.00%,2,6,0,0,8
"Member, State Board of Education, District 6",0661,1614,1012,2626,4179,62.84%,1298,1121,74,26,2519
"Member, State Board of Education, District 6",0667,989,547,1536,2181,70.43%,1107,330,28,7,1472
"Member, State Board of Education, District 6",0668,927,555,1582,2458,64.36%,918,543,42,17,1520
"Member, State Board of Education, District 6",0669,1606,823,2429,3243,74.90%,1605,639,60,20,2324
"Member, State Board of Education, District 6",0671,1090,773,1863,2942,63.32%,997,685,65,16,1763
"Member, State Board of Education, District 6",0672,2301,1078,3379,4710,71.74%,2113,1050,89,20,3272
"Member, State Board of Education, District 6",0678,297,164,461,756,60.98%,282,133,16,4,435
"Member, State Board of Education, District 6",0681,1,0,1,5,20.00%,0,1,0,0,1
"Member, State Board of Education, District 6",0684,72,24,96,187,51.34%,56,33,1,0,90
"Member, State Board of Education, District 6",0685,167,29,196,326,60.12%,83,93,7,3,186
Office,Precinct,Early Ballots Cast,Election Ballots Cast,Total Ballots Cast,Registered Voters,Percent Turnout,REP Donna Bahorich,DEM Traci Jensen,LIB Gene Clark,GRN G C Molison,Totals
"Member, State Board of Education, District 6",0888,48,34,80,198,40.82%,15,58,4,1,78
"Member, State Board of Education, District 6",0887,1084,841,1725,2497,89.08%,1082,487,48,17,1832
"Member, State Board of Education, District 6",0888,1815,873,2488,3288,78.18%,1871,431,88,23,2393
"Member, State Board of Education, District 6",0889,505,851,1158,2278,50.79%,500,537,25,8,1070
"Member, State Board of Education, District 6",0890,1985,1118,3081,4184,73.84%,2278,597,80,19,2974
"Member, State Board of Education, District 6",0891,10,2,12,34,35.29%,3,8,0,1,12
"Member, State Board of Education, District 6",0894,420,137,557,817,88.18%,348,173,9,3,533
"Member, State Board of Education, District 6",0701,142,115,257,554,48.39%,123,118,2,3,248
"Member, State Board of Education, District 6",0708,222,135,357,529,87.49%,157,178,10,3,348
"Member, State Board of Education, District 6",0707,284,138,420,707,59.41%,222,155,14,8,397
"Member, State Board of Education, District 6",0709,2998,1297,4293,8239,88.81%,2384,1844,107,22,4157
"Member, State Board of Education, District 6",0710,877,802,1479,2023,73.11%,781,525,81,13,1380
"Member, State Board of Education, District 6",0711,1492,701,2193,3351,85.44%,1218,794,54,19,2085
"Member, State Board of Education, District 6",0713,885,438,1101,1827,80.28%,537,488,33,3,1081
"Member, State Board of Education, District 6",0728,1141,304,1445,1987,72.72%,1200,153,34,7,1394
"Member, State Board of Education, District 6",0727,931,488,1397,2488,58.15%,313,997,29,17,1358
"Member, State Board of Education, District 6",0730,800,437,1237,1830,75.89%,778,339,32,7,1158
"Member, State Board of Education, District 6",0731,121,38,157,373,42.09%,24,119,4,0,147
"Member, State Board of Education, District 6",0734,3209,1114,4323,5952,72.83%,2754,1309,104,25,4192
"Member, State Board of Education, District 6",0735,9,0,9,23,39.13%,8,0,1,0,9
"Member, State Board of Education, District 6",0741,0,0,0,0,0.00%,0,0,0,0,0
"Member, State Board of Education, District 6",0751,1884,1254,2918,4451,85.58%,1815,878,89,28,2808
"Member, State Board of Education, District 6",0753,108,81,187,280,84.23%,100,53,7,2,182
"Member, State Board of Education, District 6",0759,1109,590,1899,2825,84.72%,954,595,49,18,1814
"Member, State Board of Education, District 6",0781,917,219,1138,1484,77.80%,773,284,30,8,1073
"Member, State Board of Education, District 6",0785,1390,815,2205,3987,55.58%,711,1328,54,30,2123
"Member, State Board of Education, District 6",0788,2854,1159,4013,5384,74.81%,2992,758,102,28,3878
"Member, State Board of Education, District 6",0771,701,537,1238,2378,52.08%,587,583,33,18,1179
"Member, State Board of Education, District 6",0772,2927,1002,3929,5817,89.95%,2774,887,95,22,3778
"Member, State Board of Education, District 6",0773,892,550,1442,2848,54.48%,328,1013,15,8,1382
"Member, State Board of Education, District 6",0781,1152,855,1807,3718,48.83%,822,971,32,15,1840
"Member, State Board of Education, District 6",0783,103,43,148,285,55.09%,73,81,3,1,138
"Member, State Board of Education, District 6",0788,158,58,214,481,44.49%,81,128,11,3,203
"Member, State Board of Education, District 6",0789,3,1,4,4,100.00%,0,3,0,1,4
Office,Precinct,Early Ballots Cast,Election Ballots Cast,Total Ballots Cast,Registered Voters,Percent Turnout,REP Donna Bahorich,DEM Traci Jensen,LIB Gene Clark,GRN G C Molison,Totals
"Member, State Board of Education, District 6",0800,1188,795,1983,2817,70.39%,1234,580,55,30,1899
"Member, State Board of Education, District 6",0802,98,58,156,299,52.17%,29,104,7,9,149
"Member, State Board of Education, District 6",0803,1305,630,1935,2718,71.19%,1370,444,30,9,1853
"Member, State Board of Education, District 6",0804,1806,960,2766,4348,63.62%,1566,1008,62,23,2659
"Member, State Board of Education, District 6",0805,1509,529,2038,2812,72.48%,1513,353,71,13,1950
"Member, State Board of Education, District 6",0807,652,402,1054,2001,52.67%,136,839,27,14,1016
"Member, State Board of Education, District 6",0809,21,6,27,86,31.40%,8,16,0,0,24
"Member, State Board of Education, District 6",0814,1772,955,2727,4503,60.56%,569,2004,37,18,2628
"Member, State Board of Education, District 6",0819,97,45,142,238,59.66%,77,41,3,2,123
"Member, State Board of Education, District 6",0823,1849,1015,2864,4710,60.81%,1400,1255,68,28,2751
"Member, State Board of Education, District 6",0826,153,89,242,342,70.76%,120,96,8,2,226
"Member, State Board of Education, District 6",0828,1074,343,1417,1875,75.57%,1084,235,29,6,1354
"Member, State Board of Education, District 6",0835,87,53,140,292,47.95%,30,98,5,0,133
"Member, State Board of Education, District 6",0836,8,3,11,1,9,57.89%,1,8,0,0,9
"Member, State Board of Education, District 6",0837,0,0,0,0,0.00%,0,0,0,0,0
"Member, State Board of Education, District 6",0839,353,240,593,1122,52.85%,99,445,17,4,565
"Member, State Board of Education, District 6",0851,2192,816,3008,4317,69.68%,1830,954,78,30,2892
"Member, State Board of Education, District 6",0853,1412,605,2017,2773,72.74%,1452,415,52,10,1929
"Member, State Board of Education, District 6",0870,0,0,0,0,0.00%,0,0,0,0,0
"Member, State Board of Education, District 6",0874,1534,748,2282,3107,73.45%,1644,492,59,11,2206
"Member, State Board of Education, District 6",0876,1629,639,2268,3013,75.27%,1566,570,46,12,2194
"Member, State Board of Education, District 6",0878,853,350,1203,1641,73.31%,945,170,35,11,1161
"Member, State Board of Education, District 6",0880,1068,472,1540,2007,76.73%,1109,313,40,10,1472
"Member, State Board of Education, District 6",0882,940,457,1397,2328,60.01%,738,567,28,15,1348
"Member, State Board of Education, District 6",0886,301,154,455,713,63.81%,212,180,21,6,419
"Member, State Board of Education, District 6",0887,138,83,221,313,70.61%,107,75,22,0,204
"Member, State Board of Education, District 6",0891,539,392,931,1413,65.89%,324,514,23,13,874
"Member, State Board of Education, District 6",0894,0,31,31,0,0.00%,4,18,5,1,28
"Member, State Board of Education, District 6",0895,335,325,660,784,84.18%,233,338,22,10,603
"Member, State Board of Education, District 6",0896,670,303,973,1437,67.71%,337,520,25,25,907
"Member, State Board of Education, District 6",0899,4,0,4,8,50.00%,1,3,0,0,4
"Member, State Board of Education, District 6",0902,865,621,1486,2065,71.96%,784,523,58,17,1382
"Member, State Board of Education, District 6",0903,10,1,11,41,26.83%,6,4,0,0,10
"Member, State Board of Education, District 6",0904,0,1,1,1,100.00%,0,1,0,0,1
Office,Precinct,Early Ballots Cast,Election Ballots Cast,Total Ballots Cast,Registered Voters,Percent Turnout,REP Donna Bahorich,DEM Traci Jensen,LIB Gene Clark,GRN G C Molison,Totals
"Member, State Board of Education, District 6",0906,12,6,18,26,69.23%,9,8,0,0,17
"Member, State Board of Education, District 6",0914,169,67,236,221,106.79%,175,44,8,1,228
"Member, State Board of Education, District 6",0915,0,0,0,0,0.00%,0,0,0,0,0
"Member, State Board of Education, District 6",0916,604,182,786,1045,75.22%,618,122,15,2,757
"Member, State Board of Education, District 6",0917,280,137,417,481,86.69%,269,105,18,3,395
"Member, State Board of Education, District 6",0918,489,135,624,883,70.67%,447,132,11,4,594
"Member, State Board of Education, District 6",0926,361,120,481,621,77.46%,348,98,10,1,457
"Member, State Board of Education, District 6",0931,48,53,101,122,82.79%,41,45,6,0,92
"Member, State Board of Education, District 6",0932,0,5,5,0,0.00%,1,4,0,0,5
"Member, State Board of Education, District 6",0933,233,1,21,354,566,62.54%,85,240,8,5,338
"Member, State Board of Education, District 6",0934,12,1,13,41,31.71%,4,8,1,0,13
"Member, State Board of Education, District 6",0938,73,14,87,256,33.98%,22,57,4,1,84
"Member, State Board of Education, District 6",0939,1,0,1,1,100.00%,0,1,0,0,1
"Member, State Board of Education, District 6",0941,13,9,22,25,88.00%,18,3,0,0,21
"Member, State Board of Education, District 6",0942,68,24,92,159,57.86%,70,13,2,1,86
"Member, State Board of Education, District 6",0943,296,63,359,536,66.98%,243,83,6,1,333
"Member, State Board of Education, District 6",0944,30,6,36,39,92.31%,27,5,0,0,32
"Member, State Board of Education, District 6",0952,24,16,40,70,57.14%,17,18,1,1,37
"Member, State Board of Education, District 6",0955,5,20,25,18,138.89%,14,8,1,0,23
"Member, State Board of Education, District 6",0956,5,2,7,12,58.33%,4,3,0,0,7
"Member, State Board of Education, District 6",0966,305,160,465,1073,43.34%,115,308,13,7,443
"Member, State Board of Education, District 6",0971,27,21,48,129,37.21%,1,45,1,0,47
"Member, State Board of Education, District 6",0972,10,7,17,29,58.62%,12,4,1,0,17
"Member, State Board of Education, District 6",0979,5,6,11,26,42.31%,10,1,0,0,11
"Member, State Board of Education, District 6",0980,595,356,951,1323,71.88%,658,222,19,5,904
"Member, State Board of Education, District 6",0981,0,0,0,0,0.00%,0,0,0,0,0
"Member, State Board of Education, District 6",0982,534,218,752,1021,73.65%,563,131,21,6,721
"Member, State Board of Education, District 6",0983,41,28,69,165,41.82%,37,26,1,1,65
"Member, State Board of Education, District 6",0984,43,49,92,198,46.46%,6,83,0,0,89
"Member, State Board of Education, District 6",0990,37,15,52,154,33.77%,15,30,1,0,46
"Member, State Board of Education, District 6",0991,0,0,0,1,0.00%,0,0,0,0,0
"Member, State Board of Education, District 6",0993,272,91,363,551,65.88%,269,61,14,3,347
"Member, State Board of Education, District 6",0998,15,9,24,35,68.57%,16,6,1,0,23
"Member, State Board of Education, District 6",0999,30,16,46,65,70.77%,37,8,0,0,45
Office,Precinct,Early Ballots Cast,Election Ballots Cast,Total Ballots Cast,Registered Voters,Percent Turnout,REP Donna Bahorich,DEM Traci Jensen,LIB Gene Clark,GRN G C Molison,Totals
"Member, State Board of Education, District 6",1001,496,294,790,1566,50.45%,138,601,9,3,751
"Member, State Board of Education, District 6",1002,464,314,778,1738,44.76%,81,653,9,9,752
"Member, State Board of Education, District 6",1003,0,0,0,1,0.00%,0,0,0,0,0
"Member, State Board of Education, District 6",1011,12,3,15,29,51.72%,4,8,0,1,13
"Member, State Board of Education, District 6",1014,9,7,16,36,44.44%,5,11,0,0,16
"Member, State Board of Education, District 6",1015,11,7,18,29,62.07%,4,13,0,0,17
"Member, State Board of Education, District 6",1021,1,0,1,2,50.00%,0,1,0,0,1
"Member, State Board of Education, District 6",1022,190,30,220,426,51.64%,159,45,4,2,210
"Member, State Board of Education, District 6",1023,894,401,1295,1964,65.94%,789,412,28,16,1245
"Member, State Board of Education, District 6",1025,4,0,4,18,22.22%,1,3,0,0,4
"Member, State Board of Education, District 6",1026,0,0,0,0,0.00%,0,0,0,0,0
"Member, State Board of Education, District 6",1028,0,1,1,0,0.00%,1,0,0,0,1
"Member, State Board of Education, District 6",1029,1021,641,1662,1802,92.23%,1225,314,35,13,1587
"Member, State Board of Education, District 6",1030,397,105,502,655,76.64%,421,56,11,1,489
"Member, State Board of Education, District 6",1033,0,0,0,0,0.00%,0,0,0,0,0
"Member, State Board of Education, District 6",1036,144,46,190,433,43.88%,141,40,2,1,184
"Member, State Board of Education, District 6",1,051,0,1,2,1,2,0,0.00%,9,2,0,0,1,1
"Member, State Board of Education, District 6",1054,0,0,0,1,0.00%,0,0,0,0,0
"Member, State Board of Education, District 6",1064,45,1,46,120,38.33%,33,9,2,0,44
"Member, State Board of Education, District 6",Totals:,363958,197751,561709,851643,,304702,208198,15189,5328,533417
